Sep = ,
"Delimiter = ,"
AethLabs
Device ID = AE51-S5-803-1309
Application version = 2.2.3.0
Flow = 99 ml/min
Timebase = 300 s
Start date = 2015/04/22
Start time = 14:00:00
Original date format = yyyy/MM/dd
Original time format = hh:mm:ss
Flow units = ml/min
PCB temp units = deg C
Battery units = %
BC units = ng/m^3

Date,Time,Ref,Sen,ATN,Flow,PCB temp,Status,Battery,BC

2015/04/22,14:00:00,806364,829807,"-2.866",99,38,0,43,
2015/04/22,14:05:00,805702,829452,"-2.905",99,39,0,43,-451
2015/04/22,14:10:00,805197,829068,"-2.922",99,37,0,43,-188
2015/04/22,14:15:00,805002,828959,"-2.933",99,37,0,43,-127
2015/04/22,14:20:00,804676,828488,"-2.916",99,38,0,48,187
2015/04/22,14:25:00,804335,827901,"-2.888",99,38,0,48,327
2015/04/22,14:30:00,804119,827691,"-2.889",99,38,0,48,-17
2015/04/22,14:35:00,803906,827394,"-2.880",99,38,0,48,108
2015/04/22,14:40:00,803627,826954,"-2.861",99,40,0,53,212
2015/04/22,14:45:00,803337,826353,"-2.825",99,41,0,53,420
2015/04/22,14:50:00,803199,826085,"-2.810",99,41,0,51,175
2015/04/22,14:55:00,803015,825764,"-2.794",99,41,0,56,183
2015/04/22,15:00:00,802874,825536,"-2.784",99,41,0,56,115
2015/04/22,15:05:00,802787,825372,"-2.774",99,41,0,56,104
2015/04/22,15:10:00,802704,825145,"-2.757",99,41,0,56,197
2015/04/22,15:15:00,802652,824942,"-2.739",99,41,0,61,208
2015/04/22,15:20:00,802587,824644,"-2.711",99,41,0,62,322
2015/04/22,15:25:00,802601,824392,"-2.679",99,41,0,62,371
2015/04/22,15:30:00,802586,824190,"-2.656",99,39,0,62,260
2015/04/22,15:35:00,802677,823968,"-2.618",99,39,0,67,439
2015/04/22,15:40:00,802655,823556,"-2.571",98,39,0,67,548
2015/04/22,15:45:00,802617,823148,"-2.526",99,39,0,67,514
2015/04/22,15:50:00,802600,822847,"-2.491",99,39,0,67,395
2015/04/22,15:55:00,802574,822454,"-2.447",99,38,0,72,511
2015/04/22,16:00:00,802501,822073,"-2.410",99,38,0,73,427
2015/04/22,16:05:00,802486,821779,"-2.376",99,38,0,73,389
2015/04/22,16:10:00,802461,821360,"-2.328",99,38,0,73,549
2015/04/22,16:15:00,802450,820654,"-2.243",99,38,0,78,971
2015/04/22,16:20:00,802457,820250,"-2.193",99,38,0,78,575
2015/04/22,16:25:00,802493,819889,"-2.145",99,38,0,78,557
2015/04/22,16:30:00,802462,819500,"-2.101",99,37,0,78,500
2015/04/22,16:35:00,802460,819196,"-2.064",99,37,0,84,423
2015/04/22,16:40:00,802429,818804,"-2.020",99,37,0,84,505
2015/04/22,16:45:00,802369,818374,"-1.975",99,37,0,84,517
2015/04/22,16:50:00,802411,817944,"-1.917",99,37,0,84,663
2015/04/22,16:55:00,802436,817617,"-1.874",99,36,0,89,495
2015/04/22,17:00:00,802424,817286,"-1.835",99,37,0,89,447
2015/04/22,17:05:00,802526,817012,"-1.789",99,37,0,89,531
2015/04/22,17:10:00,802477,816550,"-1.738",99,37,0,89,579
2015/04/22,17:15:00,802435,816094,"-1.688",99,36,0,94,581
2015/04/22,17:20:00,802579,815614,"-1.611",99,36,0,93,881
2015/04/22,17:25:00,802666,815178,"-1.547",99,36,0,93,738
2015/04/22,17:30:00,802568,814788,"-1.511",99,36,0,93,409
2015/04/22,17:35:00,802620,814456,"-1.464",99,36,0,98,542
2015/04/22,17:40:00,802646,814046,"-1.410",99,36,0,98,615
2015/04/22,17:45:00,802654,813694,"-1.366",99,36,0,97,508
2015/04/22,17:50:00,802618,813312,"-1.324",99,36,0,97,487
2015/04/22,17:55:00,802639,813039,"-1.287",99,36,0,99,415
2015/04/22,18:00:00,802721,812674,"-1.232",99,36,0,100,632
2015/04/22,18:05:00,802779,812491,"-1.203",99,36,0,100,341
2015/04/22,18:10:00,802789,812265,"-1.173",98,36,0,100,337
2015/04/22,18:15:00,802795,812094,"-1.152",99,36,0,100,250
2015/04/22,18:20:00,803025,811984,"-1.109",99,35,0,100,484
2015/04/22,18:25:00,803247,811844,"-1.065",98,35,0,100,520
2015/04/22,18:30:00,803329,811747,"-1.042",98,35,0,100,257
2015/04/22,18:35:00,803458,811637,"-1.013",99,35,0,100,340
2015/04/22,18:40:00,803538,811380,"-0.971",99,35,0,100,478
2015/04/22,18:45:00,804006,811336,"-0.908",99,34,0,100,730
2015/04/22,18:50:00,804131,810993,"-0.850",99,34,0,100,664
2015/04/22,18:55:00,804441,810815,"-0.789",99,34,0,100,694
2015/04/22,19:00:00,804298,810631,"-0.784",99,34,0,100,56
2015/04/22,19:05:00,804519,810562,"-0.748",99,33,0,100,413
2015/04/22,19:10:00,804786,810317,"-0.685",99,33,0,100,728
2015/04/22,19:15:00,805023,810128,"-0.632",99,33,0,100,606
2015/04/22,19:20:00,805147,809969,"-0.597",99,32,0,100,402
2015/04/22,19:25:00,805290,809795,"-0.558",99,32,0,100,450
2015/04/22,19:30:00,805612,809786,"-0.517",99,32,0,100,471
2015/04/22,19:35:00,805845,809663,"-0.473",99,31,0,100,506
2015/04/22,19:40:00,806050,809542,"-0.432",99,31,0,100,463
2015/04/22,19:45:00,806106,809317,"-0.398",99,31,0,100,399
2015/04/22,19:50:00,806291,809202,"-0.360",99,31,0,100,426
2015/04/22,19:55:00,806352,809019,"-0.330",99,31,0,100,346
2015/04/22,20:00:00,806183,808705,"-0.312",99,31,0,100,205
2015/04/22,20:05:00,806082,808427,"-0.290",99,31,0,100,251
2015/04/22,20:10:00,805995,808128,"-0.264",99,31,0,100,301
2015/04/22,20:15:00,805880,807779,"-0.235",99,31,0,100,332
2015/04/22,20:20:00,805957,807685,"-0.214",99,31,0,100,243
2015/04/22,20:25:00,805973,807488,"-0.188",99,31,0,100,303
2015/04/22,20:30:00,805803,807164,"-0.169",99,31,0,100,218
2015/04/22,20:35:00,805761,806984,"-0.152",99,31,0,100,196
2015/04/22,20:40:00,805728,806771,"-0.129",99,31,0,100,256
2015/04/22,20:45:00,805613,806463,"-0.105",99,31,0,100,274
2015/04/22,20:50:00,805586,806174,"-0.073",99,31,0,100,373
2015/04/22,20:55:00,805650,806036,"-0.048",99,31,0,100,288
2015/04/22,21:00:00,805702,805860,"-0.020",99,31,0,100,325
2015/04/22,21:05:00,805727,805650,"0.010",99,31,0,100,335
2015/04/22,21:10:00,805891,805456,"0.054",99,31,0,100,510
2015/04/22,21:15:00,805891,805233,"0.082",99,31,0,100,318
2015/04/22,21:20:00,805981,805056,"0.115",99,31,0,100,380
2015/04/22,21:25:00,805966,804813,"0.143",99,30,0,100,325
2015/04/22,21:30:00,805937,804622,"0.163",99,30,0,100,231
2015/04/22,21:35:00,805936,804450,"0.185",99,30,0,100,244
2015/04/22,21:40:00,805912,804233,"0.209",99,31,0,100,275
2015/04/22,21:45:00,805890,804011,"0.233",99,31,0,100,285
2015/04/22,21:50:00,805803,803753,"0.255",99,31,0,100,244
2015/04/22,21:55:00,805765,803546,"0.276",99,31,0,100,241
2015/04/22,22:00:00,805675,803353,"0.289",99,31,0,100,147
2015/04/22,22:05:00,805674,803192,"0.309",99,31,0,100,229
2015/04/22,22:10:00,805677,802989,"0.334",99,31,0,100,294
2015/04/22,22:15:00,805613,802757,"0.355",99,31,0,100,240
2015/04/22,22:20:00,805597,802546,"0.379",99,31,0,100,279
2015/04/22,22:25:00,805627,802360,"0.406",98,31,0,100,312
2015/04/22,22:30:00,805589,802176,"0.425",99,31,0,100,209
2015/04/22,22:35:00,805514,801935,"0.445",99,31,0,100,238
2015/04/22,22:40:00,805339,801621,"0.463",99,31,0,100,200
2015/04/22,22:45:00,805303,801495,"0.474",99,31,0,100,129
2015/04/22,22:50:00,805245,801328,"0.488",98,31,0,100,158
2015/04/22,22:55:00,805089,801041,"0.504",99,31,0,100,189
2015/04/22,23:00:00,805107,800845,"0.531",99,31,0,100,306
2015/04/22,23:05:00,805124,800671,"0.555",99,31,0,100,274
2015/04/22,23:10:00,805081,800466,"0.575",99,31,0,100,233
2015/04/22,23:15:00,805248,800342,"0.611",99,31,0,100,416
2015/04/22,23:20:00,805268,800045,"0.651",99,31,0,100,454
2015/04/22,23:25:00,805162,799742,"0.675",99,31,0,100,284
2015/04/22,23:30:00,805105,799453,"0.704",99,31,0,100,333
2015/04/22,23:35:00,805063,798769,"0.785",99,31,0,100,922
2015/04/22,23:40:00,805056,798371,"0.834",99,31,0,100,562
2015/04/22,23:45:00,804955,798072,"0.859",99,31,0,100,286
2015/04/22,23:50:00,804950,797882,"0.882",99,31,0,100,266
2015/04/22,23:55:00,804889,797623,"0.907",99,31,0,100,286
2015/04/23,00:00:00,804915,797411,"0.937",100,31,0,100,339
2015/04/23,00:05:00,804944,796660,"1.034",99,31,0,100,1123
2015/04/23,00:10:00,804856,795759,"1.137",99,31,0,100,1173
2015/04/23,00:15:00,804837,795243,"1.199",99,31,0,100,717
2015/04/23,00:20:00,804816,794909,"1.239",99,31,0,100,452
2015/04/23,00:25:00,804639,794656,"1.248",99,31,0,100,113
2015/04/23,00:30:00,804669,794592,"1.260",99,31,0,100,135
2015/04/23,00:35:00,804731,794495,"1.280",99,31,0,100,228
2015/04/23,00:40:00,804871,794419,"1.307",99,31,0,100,309
2015/04/23,00:45:00,804721,794104,"1.328",98,31,0,100,244
2015/04/23,00:50:00,804816,793922,"1.363",99,31,0,100,398
2015/04/23,00:55:00,804682,793624,"1.384",99,31,0,100,240
2015/04/23,01:00:00,804620,793364,"1.409",98,31,0,100,291
2015/04/23,01:05:00,804590,793212,"1.424",99,31,0,100,177
2015/04/23,01:10:00,804729,793076,"1.459",98,31,0,100,399
2015/04/23,01:15:00,804605,792895,"1.466",99,32,0,100,85
2015/04/23,01:20:00,804497,792745,"1.472",99,32,0,100,63
2015/04/23,01:25:00,804252,792519,"1.470",99,32,0,100,-22
2015/04/23,01:30:00,804082,792339,"1.471",99,32,0,100,18
2015/04/23,01:35:00,804098,792251,"1.484",99,32,0,100,150
2015/04/23,01:40:00,803935,792048,"1.490",99,32,0,100,61
2015/04/23,01:45:00,803831,791852,"1.501",99,32,0,100,136
2015/04/23,01:50:00,803776,791660,"1.519",99,32,0,100,200
2015/04/23,01:55:00,803737,791468,"1.538",99,32,0,100,223
2015/04/23,02:00:00,803677,791286,"1.554",99,32,0,100,178
2015/04/23,02:05:00,803578,791063,"1.570",99,32,0,100,182
2015/04/23,02:10:00,803623,790970,"1.587",99,32,0,100,199
2015/04/23,02:15:00,803556,790781,"1.603",99,32,0,100,179
2015/04/23,02:20:00,803558,790633,"1.622",99,32,0,100,218
2015/04/23,02:25:00,803522,790450,"1.640",99,33,0,100,214
2015/04/23,02:30:00,803570,790316,"1.663",99,32,0,100,263
2015/04/23,02:35:00,803492,790111,"1.679",99,32,0,100,186
2015/04/23,02:40:00,803505,789968,"1.699",99,33,0,100,226
2015/04/23,02:45:00,803471,789800,"1.716",100,32,0,100,194
2015/04/23,02:50:00,803455,789630,"1.736",99,32,0,100,224
2015/04/23,02:55:00,803473,789462,"1.759",99,32,0,100,270
2015/04/23,03:00:00,803507,789318,"1.782",99,32,0,100,258
2015/04/23,03:05:00,803519,789144,"1.805",99,32,0,100,270
2015/04/23,03:10:00,803496,788974,"1.824",99,32,0,100,214
2015/04/23,03:15:00,803508,788802,"1.847",99,32,0,100,267
2015/04/23,03:20:00,803390,788533,"1.867",99,32,0,100,223
2015/04/23,03:25:00,803488,788424,"1.893",99,32,0,100,299
2015/04/23,03:30:00,803529,788265,"1.918",99,32,0,100,290
2015/04/23,03:35:00,803521,788101,"1.938",99,32,0,100,227
2015/04/23,03:40:00,803405,787845,"1.956",99,32,0,100,207
2015/04/23,03:45:00,803458,787689,"1.982",99,32,0,100,303
2015/04/23,03:50:00,803527,787579,"2.005",99,32,0,100,259
2015/04/23,03:55:00,803526,787437,"2.023",99,32,0,100,205
2015/04/23,04:00:00,803469,787251,"2.039",99,32,0,100,190
2015/04/23,04:05:00,803458,787095,"2.058",99,32,0,100,212
2015/04/23,04:10:00,803515,786966,"2.081",98,32,0,100,272
2015/04/23,04:15:00,803416,786705,"2.102",99,32,0,100,239
2015/04/23,04:20:00,803482,786626,"2.120",99,32,0,100,209
2015/04/23,04:25:00,803453,786476,"2.136",99,32,0,100,177
2015/04/23,04:30:00,803484,786356,"2.155",99,32,0,100,219
2015/04/23,04:35:00,803419,786186,"2.168",99,32,0,100,155
2015/04/23,04:40:00,803477,786090,"2.188",99,32,0,100,223
2015/04/23,04:45:00,803379,785879,"2.202",99,32,0,100,168
2015/04/23,04:50:00,803370,785742,"2.219",99,32,0,100,187
2015/04/23,04:55:00,803357,785613,"2.233",99,32,0,100,170
2015/04/23,05:00:00,803381,785469,"2.255",99,32,0,100,245
2015/04/23,05:05:00,803272,785270,"2.267",99,32,0,100,135
2015/04/23,05:10:00,803346,785153,"2.291",99,32,0,100,277
2015/04/23,05:15:00,803438,785030,"2.318",98,32,0,100,314
2015/04/23,05:20:00,803611,784896,"2.356",99,32,0,100,443
2015/04/23,05:25:00,803712,784709,"2.393",99,32,0,100,418
2015/04/23,05:30:00,803942,784655,"2.428",99,32,0,100,407
2015/04/23,05:35:00,804041,784511,"2.459",99,32,0,100,352
2015/04/23,05:40:00,804080,784350,"2.484",99,32,0,100,291
2015/04/23,05:45:00,804016,784134,"2.504",99,32,0,100,225
2015/04/23,05:50:00,803992,783938,"2.526",99,31,0,100,253
2015/04/23,05:55:00,804103,783831,"2.553",99,31,0,100,315
2015/04/23,06:00:00,804086,783595,"2.581",99,31,0,100,321
2015/04/23,06:05:00,803945,783317,"2.599",99,31,0,100,206
2015/04/23,06:10:00,803979,782985,"2.646",99,31,0,100,535
2015/04/23,06:15:00,803933,782713,"2.675",99,31,0,100,333
2015/04/23,06:20:00,803907,782319,"2.722",99,31,0,100,541
2015/04/23,06:25:00,803892,782096,"2.749",99,31,0,100,306
2015/04/23,06:30:00,803914,781850,"2.783",99,31,0,100,392
2015/04/23,06:35:00,803873,781614,"2.808",99,32,0,100,288
2015/04/23,06:40:00,803930,781429,"2.839",99,32,0,100,353
2015/04/23,06:45:00,803864,781123,"2.870",99,32,0,100,355
2015/04/23,06:50:00,803768,780799,"2.899",99,32,0,100,339
2015/04/23,06:55:00,803746,780503,"2.934",99,32,0,100,404
2015/04/23,07:00:00,803722,779748,"3.028",99,32,0,100,1076
2015/04/23,07:05:00,803615,778470,"3.179",99,32,0,100,1729
2015/04/23,07:10:00,803482,777903,"3.235",99,32,0,100,646
2015/04/23,07:15:00,803423,777420,"3.290",99,32,0,100,628
2015/04/23,07:20:00,803442,776758,"3.378",99,32,0,100,1005
2015/04/23,07:25:00,803432,776108,"3.460",99,32,0,100,946
2015/04/23,07:30:00,803281,775062,"3.576",98,32,0,100,1345
2015/04/23,07:35:00,803256,774010,"3.709",99,32,0,100,1523
2015/04/23,07:40:00,803237,773383,"3.788",99,32,0,100,903
2015/04/23,07:45:00,803115,772072,"3.942",99,32,0,100,1772
2015/04/23,07:50:00,802979,771137,"4.046",98,32,0,100,1208
2015/04/23,07:55:00,802998,770313,"4.156",99,33,0,100,1254
2015/04/23,08:00:00,802898,769408,"4.261",99,33,0,100,1206
2015/04/23,08:05:00,802811,767488,"4.500",99,33,0,100,2743
2015/04/23,08:10:00,802809,765760,"4.725",99,33,0,100,2584
2015/04/23,08:15:00,802735,764220,"4.917",99,33,0,100,2204
2015/04/23,08:20:00,802527,763618,"4.970",99,33,0,100,607
2015/04/23,08:25:00,802586,763047,"5.052",99,33,0,100,943
2015/04/23,08:30:00,802437,762148,"5.151",99,33,0,100,1140
2015/04/23,08:35:00,802427,761584,"5.224",99,33,0,100,835
2015/04/23,08:40:00,802317,760819,"5.311",99,33,0,100,996
2015/04/23,08:45:00,802218,760184,"5.382",99,33,0,100,817
2015/04/23,08:50:00,802143,759132,"5.511",99,33,0,100,1482
2015/04/23,08:55:00,802197,758279,"5.630",99,33,0,100,1367
2015/04/23,09:00:00,802122,757483,"5.726",99,33,0,100,1098
2015/04/23,09:05:00,802194,756070,"5.922",99,34,0,100,2245
2015/04/23,09:10:00,802141,755093,"6.044",99,34,0,100,1408
2015/04/23,09:15:00,801971,754188,"6.143",99,34,0,100,1133
2015/04/23,09:20:00,801904,753407,"6.238",99,34,0,100,1093
2015/04/23,09:25:00,801827,752681,"6.325",99,34,0,100,996
2015/04/23,09:30:00,801656,751733,"6.430",99,34,0,100,1201
2015/04/23,09:35:00,801516,750894,"6.524",99,34,0,100,1081
2015/04/23,09:40:00,801585,749812,"6.677",98,34,0,100,1771
2015/04/23,09:45:00,801530,749221,"6.749",99,34,0,100,826
2015/04/23,09:50:00,801415,748634,"6.813",99,34,0,100,735
2015/04/23,09:55:00,801440,748193,"6.875",99,35,0,100,712
2015/04/23,10:00:00,801257,747547,"6.938",99,35,0,100,729
2015/04/23,10:05:00,801207,746827,"7.029",99,35,0,100,1034
2015/04/23,10:10:00,801124,745850,"7.149",99,35,0,100,1383
2015/04/23,10:15:00,800995,745340,"7.201",99,35,0,100,600
2015/04/23,10:20:00,800943,745049,"7.234",99,35,0,100,374
2015/04/23,10:25:00,800963,744672,"7.287",99,35,0,100,609
2015/04/23,10:30:00,800894,744047,"7.362",99,35,0,100,865
2015/04/23,10:35:00,800851,743202,"7.471",99,35,0,100,1242
2015/04/23,10:40:00,800769,742497,"7.555",99,36,0,100,972
2015/04/23,10:45:00,800740,742085,"7.607",99,36,0,100,595
2015/04/23,10:50:00,800698,741617,"7.665",99,36,0,100,664
2015/04/23,10:55:00,800645,741243,"7.709",99,35,0,100,503
2015/04/23,11:00:00,800742,740783,"7.783",99,35,0,100,851
2015/04/23,11:05:00,800726,739975,"7.890",99,35,0,100,1229
2015/04/23,11:10:00,800688,739418,"7.961",99,36,0,100,810
2015/04/23,11:15:00,800716,738789,"8.049",99,36,0,100,1017
2015/04/23,11:20:00,800702,738145,"8.135",99,36,0,100,981
2015/04/23,11:25:00,800748,737457,"8.234",99,36,0,100,1136
2015/04/23,11:30:00,800689,736827,"8.312",99,35,0,100,896
2015/04/23,11:35:00,800627,736169,"8.394",99,35,0,100,936
2015/04/23,11:40:00,800639,735612,"8.471",99,35,0,100,886
2015/04/23,11:45:00,800579,734922,"8.557",99,36,0,100,991
2015/04/23,11:50:00,800624,734458,"8.626",99,36,0,100,789
2015/04/23,11:55:00,800588,733689,"8.726",99,36,0,100,1150
2015/04/23,12:00:00,800522,732972,"8.816",99,36,0,100,1027
2015/04/23,12:05:00,800522,732579,"8.869",99,36,0,100,615
2015/04/23,12:10:00,800501,732134,"8.927",99,35,0,100,667
2015/04/23,12:15:00,800523,731814,"8.974",99,36,0,100,533
2015/04/23,12:20:00,800393,731117,"9.053",99,36,0,100,907
2015/04/23,12:25:00,800319,730663,"9.106",99,36,0,100,607
2015/04/23,12:30:00,800165,730170,"9.154",99,36,0,100,554
2015/04/23,12:35:00,800161,729791,"9.205",99,36,0,100,590
2015/04/23,12:40:00,800047,729217,"9.270",99,36,0,100,739
2015/04/23,12:45:00,800055,728771,"9.332",99,36,0,100,714
2015/04/23,12:50:00,800226,728423,"9.401",99,36,0,100,793
2015/04/23,12:55:00,800294,727877,"9.485",99,36,0,100,958
2015/04/23,13:00:00,800356,727380,"9.561",99,35,0,100,873
2015/04/23,13:05:00,800346,726858,"9.631",99,35,0,100,809
2015/04/23,13:10:00,800578,726458,"9.715",99,35,0,100,964
2015/04/23,13:15:00,800541,725883,"9.790",99,35,0,100,856
2015/04/23,13:20:00,800564,725322,"9.870",99,35,0,100,920
2015/04/23,13:25:00,800584,724891,"9.932",99,35,0,100,711
2015/04/23,13:30:00,800577,724195,"10.027",99,35,0,100,1092
2015/04/23,13:35:00,800492,723559,"10.104",99,35,0,100,886
2015/04/23,13:40:00,800364,722938,"10.174",99,35,0,100,802
2015/04/23,13:45:00,800272,722400,"10.237",99,36,0,100,722
2015/04/23,13:50:00,800203,721979,"10.287",99,36,0,100,570
2015/04/23,13:55:00,800176,721753,"10.315",98,36,0,100,324
2015/04/23,14:00:00,800074,721488,"10.339",99,36,0,100,275
2015/04/23,14:05:00,800050,721184,"10.378",99,36,0,100,449
2015/04/23,14:10:00,800101,721048,"10.403",99,36,0,100,290
2015/04/23,14:15:00,800084,720701,"10.449",99,35,0,100,528
2015/04/23,14:20:00,800190,720316,"10.516",100,36,0,100,758
2015/04/23,14:25:00,800176,719989,"10.560",99,35,0,100,501
2015/04/23,14:30:00,800220,719777,"10.595",99,35,0,100,401
2015/04/23,14:35:00,800174,719288,"10.657",98,35,0,100,721
2015/04/23,14:40:00,800286,718864,"10.730",99,35,0,100,837
2015/04/23,14:45:00,800212,718320,"10.796",99,35,0,100,763
2015/04/23,14:50:00,800141,717902,"10.845",99,35,0,100,566
2015/04/23,14:55:00,800230,717588,"10.900",99,35,0,100,630
2015/04/23,15:00:00,800149,717077,"10.961",99,35,0,100,701
2015/04/23,15:05:00,800211,716666,"11.027",99,35,0,100,747
2015/04/23,15:10:00,800217,716286,"11.080",99,35,0,100,617
2015/04/23,15:15:00,800195,715769,"11.150",99,35,0,100,797
2015/04/23,15:20:00,800296,715260,"11.234",98,35,0,100,971
2015/04/23,15:25:00,800360,714897,"11.292",98,35,0,100,681
2015/04/23,15:30:00,800381,714400,"11.364",99,35,0,100,828
2015/04/23,15:35:00,800375,713630,"11.472",99,35,0,100,1229
2015/04/23,15:40:00,800457,713206,"11.541",99,35,0,100,800
2015/04/23,15:45:00,800488,712775,"11.606",99,35,0,100,738
2015/04/23,15:50:00,800484,712253,"11.678",99,34,0,100,835
2015/04/23,15:55:00,800549,711710,"11.763",99,34,0,100,968
2015/04/23,16:00:00,800483,711059,"11.846",99,34,0,100,955
2015/04/23,16:05:00,800528,710438,"11.939",99,34,0,100,1067
2015/04/23,16:10:00,800504,709825,"12.022",99,34,0,100,956
2015/04/23,16:15:00,800536,709157,"12.120",99,34,0,100,1126
2015/04/23,16:20:00,800560,708627,"12.198",99,34,0,100,892
2015/04/23,16:25:00,800582,707994,"12.290",99,34,0,100,1057
2015/04/23,16:30:00,800580,707368,"12.379",100,34,0,100,1002
2015/04/23,16:35:00,800437,706575,"12.473",99,34,0,100,1082
2015/04/23,16:40:00,800457,705975,"12.560",99,34,0,100,1003
2015/04/23,16:45:00,800458,705413,"12.640",99,34,0,100,915
2015/04/23,16:50:00,800498,704916,"12.716",99,34,0,100,866
2015/04/23,16:55:00,800470,704455,"12.777",99,34,0,100,711
2015/04/23,17:00:00,800570,704199,"12.826",99,34,0,100,560
2015/04/23,17:05:00,800485,703798,"12.873",99,34,0,100,532
2015/04/23,17:10:00,800463,703446,"12.920",99,34,0,100,543
2015/04/23,17:15:00,800415,703119,"12.960",99,34,0,100,465
2015/04/23,17:20:00,800356,702699,"13.013",99,34,0,100,601
2015/04/23,17:25:00,800391,702347,"13.067",99,34,0,100,625
2015/04/23,17:30:00,800445,701991,"13.125",99,34,0,100,659
2015/04/23,17:35:00,800404,701303,"13.218",99,34,0,100,1066
2015/04/23,17:40:00,800471,700861,"13.289",99,34,0,100,819
2015/04/23,17:45:00,800464,700599,"13.326",99,34,0,100,419
2015/04/23,17:50:00,800444,700304,"13.365",99,34,0,100,455
2015/04/23,17:55:00,800450,700017,"13.407",99,34,0,100,479
2015/04/23,18:00:00,800431,699704,"13.449",99,34,0,100,486
2015/04/23,18:05:00,800293,699189,"13.506",99,34,0,100,647
2015/04/23,18:10:00,800336,698951,"13.545",99,34,0,100,452
2015/04/23,18:15:00,800260,698607,"13.585",99,34,0,100,456
2015/04/23,18:20:00,800297,698325,"13.630",99,34,0,100,516
2015/04/23,18:25:00,800150,697879,"13.675",99,34,0,100,522
2015/04/23,18:30:00,800162,697623,"13.714",99,34,0,100,438
2015/04/23,18:35:00,800128,697354,"13.748",99,34,0,100,394
2015/04/23,18:40:00,800132,697106,"13.784",99,34,0,100,414
2015/04/23,18:45:00,800154,696798,"13.831",99,34,0,100,539
2015/04/23,18:50:00,800147,696633,"13.854",98,34,0,100,264
2015/04/23,18:55:00,800135,696363,"13.891",99,34,0,100,428
2015/04/23,19:00:00,800266,696233,"13.926",99,34,0,100,402
2015/04/23,19:05:00,800249,695994,"13.958",99,34,0,100,370
2015/04/23,19:10:00,800339,695857,"13.989",99,34,0,100,355
2015/04/23,19:15:00,800336,695612,"14.024",99,34,0,100,400
2015/04/23,19:20:00,800353,695427,"14.053",99,34,0,100,330
2015/04/23,19:25:00,800381,695342,"14.068",99,34,0,100,180
2015/04/23,19:30:00,800303,695112,"14.092",99,34,0,100,268
2015/04/23,19:35:00,800385,694985,"14.120",99,34,0,100,327
2015/04/23,19:40:00,800335,694821,"14.138",99,33,0,100,199
2015/04/23,19:45:00,800265,694587,"14.163",99,33,0,100,286
2015/04/23,19:50:00,800250,694362,"14.193",99,33,0,100,350
2015/04/23,19:55:00,800249,694140,"14.225",100,33,0,100,362
2015/04/23,20:00:00,800225,693905,"14.256",98,33,0,100,358
2015/04/23,20:05:00,800229,693660,"14.292",99,33,0,100,411
2015/04/23,20:10:00,800162,693400,"14.321",99,34,0,100,334
2015/04/23,20:15:00,800130,693183,"14.348",99,34,0,100,313
2015/04/23,20:20:00,800195,693065,"14.373",99,33,0,100,289
2015/04/23,20:25:00,800201,692869,"14.402",99,33,0,100,333
2015/04/23,20:30:00,800197,692641,"14.435",99,33,0,100,372
2015/04/23,20:35:00,800165,692404,"14.465",99,33,0,100,347
2015/04/23,20:40:00,800174,692233,"14.491",100,33,0,100,293
2015/04/23,20:45:00,800202,692075,"14.517",99,33,0,100,302
2015/04/23,20:50:00,800193,691920,"14.538",99,33,0,100,244
2015/04/23,20:55:00,800178,691698,"14.568",99,33,0,100,347
2015/04/23,21:00:00,800151,691509,"14.592",99,33,0,100,275
2015/04/23,21:05:00,800160,691345,"14.617",99,33,0,100,285
2015/04/23,21:10:00,800193,691196,"14.643",98,33,0,100,298
2015/04/23,21:15:00,800248,691063,"14.669",99,33,0,100,300
2015/04/23,21:20:00,800350,690882,"14.708",98,33,0,100,451
2015/04/23,21:25:00,800302,690647,"14.736",100,33,0,100,318
2015/04/23,21:30:00,800368,690498,"14.766",99,33,0,100,342
2015/04/23,21:35:00,800285,690213,"14.797",99,33,0,100,355
2015/04/23,21:40:00,800318,689998,"14.832",99,33,0,100,405
2015/04/23,21:45:00,800384,689875,"14.858",99,33,0,100,299
2015/04/23,21:50:00,800404,689724,"14.883",99,33,0,100,280
2015/04/23,21:55:00,800350,689512,"14.907",99,33,0,100,275
2015/04/23,22:00:00,800310,689254,"14.939",99,33,0,100,372
2015/04/23,22:05:00,800267,689091,"14.957",99,33,0,100,210
2015/04/23,22:10:00,800394,689029,"14.982",98,33,0,100,288
2015/04/23,22:15:00,800284,688802,"15.001",99,33,0,100,220
2015/04/23,22:20:00,800305,688664,"15.024",99,33,0,100,260
2015/04/23,22:25:00,800298,688560,"15.038",99,33,0,100,163
2015/04/23,22:30:00,800236,688367,"15.058",99,33,0,100,233
2015/04/23,22:35:00,800335,688301,"15.080",99,33,0,100,252
2015/04/23,22:40:00,800283,688122,"15.100",100,33,0,100,222
2015/04/23,22:45:00,800228,687951,"15.118",99,33,0,100,206
2015/04/23,22:50:00,800300,687843,"15.143",99,33,0,100,283
2015/04/23,22:55:00,800280,687673,"15.165",99,33,0,100,255
2015/04/23,23:00:00,800224,687511,"15.181",99,33,0,100,190
2015/04/23,23:05:00,800248,687429,"15.196",99,33,0,100,171
2015/04/23,23:10:00,800250,687327,"15.211",99,33,0,100,173
2015/04/23,23:15:00,800215,687217,"15.223",99,33,0,100,133
2015/04/23,23:20:00,800213,687125,"15.236",99,33,0,100,151
2015/04/23,23:25:00,800165,686956,"15.255",99,33,0,100,213
2015/04/23,23:30:00,800095,686759,"15.275",99,33,0,100,229
2015/04/23,23:35:00,800094,686575,"15.301",99,33,0,100,306
2015/04/23,23:40:00,800090,686359,"15.332",99,33,0,100,355
2015/04/23,23:45:00,800070,686142,"15.361",99,33,0,100,334
2015/04/23,23:50:00,800123,685973,"15.393",99,33,0,100,359
2015/04/23,23:55:00,799996,685673,"15.421",99,33,0,100,320
2015/04/24,00:00:00,800042,685475,"15.455",99,33,0,100,397
2015/04/24,00:05:00,800016,685225,"15.488",99,33,0,100,381
2015/04/24,00:10:00,799990,684926,"15.529",99,33,0,100,464
2015/04/24,00:15:00,799916,684631,"15.563",99,33,0,100,388
2015/04/24,00:20:00,799972,684345,"15.611",99,33,0,100,560
2015/04/24,00:25:00,799972,683963,"15.667",99,33,0,100,641
2015/04/24,00:30:00,799962,683509,"15.732",99,33,0,100,748
2015/04/24,00:35:00,799975,683268,"15.769",99,33,0,100,423
2015/04/24,00:40:00,799947,683021,"15.802",99,33,0,100,375
2015/04/24,00:45:00,799836,682692,"15.836",99,33,0,100,394
2015/04/24,00:50:00,799891,682509,"15.870",99,33,0,100,387
2015/04/24,00:55:00,799797,682193,"15.905",99,33,0,100,397
2015/04/24,01:00:00,799873,682047,"15.935",99,33,0,100,355
2015/04/24,01:05:00,799887,681844,"15.967",99,33,0,100,362
2015/04/24,01:10:00,800015,681598,"16.019",99,33,0,100,598
2015/04/24,01:15:00,800018,681413,"16.047",99,33,0,100,316
2015/04/24,01:20:00,799923,681160,"16.072",99,33,0,100,290
2015/04/24,01:25:00,799982,681026,"16.099",99,33,0,100,310
2015/04/24,01:30:00,799882,680811,"16.118",99,33,0,100,219
2015/04/24,01:35:00,799918,680704,"16.138",99,33,0,100,232
2015/04/24,01:40:00,799763,680472,"16.153",99,33,0,100,169
2015/04/24,01:45:00,799703,680313,"16.169",99,33,0,100,182
2015/04/24,01:50:00,799662,680184,"16.183",99,33,0,100,159
2015/04/24,01:55:00,799616,680029,"16.200",99,33,0,100,196
2015/04/24,02:00:00,799602,679867,"16.222",99,33,0,100,253
2015/04/24,02:05:00,799607,679726,"16.243",99,33,0,100,245
2015/04/24,02:10:00,799696,679608,"16.272",99,33,0,100,327
2015/04/24,02:15:00,799628,679375,"16.297",99,33,0,100,296
2015/04/24,02:20:00,799615,679173,"16.325",99,33,0,100,323
2015/04/24,02:25:00,799577,678936,"16.356",99,33,0,100,346
2015/04/24,02:30:00,799607,678786,"16.381",99,33,0,100,297
2015/04/24,02:35:00,799567,678612,"16.402",99,33,0,100,237
2015/04/24,02:40:00,799623,678516,"16.423",99,33,0,100,243
2015/04/24,02:45:00,799622,678414,"16.438",99,33,0,100,171
2015/04/24,02:50:00,799600,678271,"16.456",99,33,0,100,210
2015/04/24,02:55:00,799607,678102,"16.482",99,33,0,100,296
2015/04/24,03:00:00,799592,677969,"16.500",99,33,0,100,204
2015/04/24,03:05:00,799735,677950,"16.521",99,33,0,100,237
2015/04/24,03:10:00,799755,677878,"16.534",99,33,0,100,151
2015/04/24,03:15:00,799727,677776,"16.545",99,33,0,100,132
2015/04/24,03:20:00,799826,677760,"16.560",99,33,0,100,169
2015/04/24,03:25:00,799773,677638,"16.571",99,33,0,100,131
2015/04/24,03:30:00,799699,677530,"16.578",99,32,0,100,77
2015/04/24,03:35:00,799781,677543,"16.586",99,32,0,100,96
2015/04/24,03:40:00,799796,677504,"16.594",99,32,0,100,88
2015/04/24,03:45:00,799793,677460,"16.600",99,32,0,100,70
2015/04/24,03:50:00,799693,677338,"16.606",99,32,0,100,63
2015/04/24,03:55:00,799725,677307,"16.614",99,32,0,100,98
2015/04/24,04:00:00,799790,677312,"16.622",99,32,0,100,85
2015/04/24,04:05:00,799679,677164,"16.630",99,32,0,100,91
2015/04/24,04:10:00,799647,677075,"16.639",99,32,0,100,105
2015/04/24,04:15:00,799724,677078,"16.648",99,32,0,100,105
2015/04/24,04:20:00,799727,677007,"16.659",99,32,0,100,125
2015/04/24,04:25:00,799677,676905,"16.668",99,32,0,100,101
2015/04/24,04:30:00,799633,676788,"16.679",99,32,0,100,135
2015/04/24,04:35:00,799630,676719,"16.689",99,32,0,100,113
2015/04/24,04:40:00,799670,676656,"16.704",99,32,0,100,164
2015/04/24,04:45:00,799638,676532,"16.718",99,32,0,100,164
2015/04/24,04:50:00,799624,676457,"16.727",99,32,0,100,107
2015/04/24,04:55:00,799640,676396,"16.738",99,32,0,100,126
2015/04/24,05:00:00,799621,676275,"16.754",99,32,0,100,178
2015/04/24,05:05:00,799592,676197,"16.762",99,32,0,100,91
2015/04/24,05:10:00,799665,676184,"16.773",99,32,0,100,127
2015/04/24,05:15:00,799723,676121,"16.789",99,32,0,100,190
2015/04/24,05:20:00,799837,676037,"16.816",99,32,0,100,306
2015/04/24,05:25:00,799906,675923,"16.842",99,32,0,100,293
2015/04/24,05:30:00,799853,675751,"16.860",99,32,0,100,216
2015/04/24,05:35:00,799849,675572,"16.886",99,32,0,100,298
2015/04/24,05:40:00,799915,675487,"16.907",99,32,0,100,239
2015/04/24,05:45:00,799929,675314,"16.935",99,32,0,100,314
2015/04/24,05:50:00,799924,675180,"16.954",99,32,0,100,221
2015/04/24,05:55:00,799831,675057,"16.960",99,32,0,100,76
2015/04/24,06:00:00,799831,674990,"16.970",99,32,0,100,114
2015/04/24,06:05:00,799667,674807,"16.977",99,32,0,100,76
2015/04/24,06:10:00,799674,674714,"16.992",99,32,0,100,168
2015/04/24,06:15:00,799564,674539,"17.004",99,32,0,100,140
2015/04/24,06:20:00,799532,674410,"17.019",99,32,0,100,174
2015/04/24,06:25:00,799322,674126,"17.035",99,32,0,100,182
2015/04/24,06:30:00,799344,674007,"17.055",99,32,0,100,234
2015/04/24,06:35:00,799337,673884,"17.072",99,32,0,100,199
2015/04/24,06:40:00,799320,673718,"17.095",99,32,0,100,258
2015/04/24,06:45:00,799296,673443,"17.133",99,32,0,100,434
2015/04/24,06:50:00,799212,673231,"17.154",98,32,0,100,243
2015/04/24,06:55:00,799282,672891,"17.213",99,32,0,100,680
2015/04/24,07:00:00,799317,672560,"17.267",99,32,0,100,615
2015/04/24,07:05:00,799284,672174,"17.320",99,32,0,100,611
2015/04/24,07:10:00,799248,671816,"17.369",99,32,0,100,560
2015/04/24,07:15:00,799213,671171,"17.460",99,33,0,100,1052
2015/04/24,07:20:00,799041,670648,"17.517",99,33,0,100,648
2015/04/24,07:25:00,798898,670343,"17.544",99,33,0,100,317
2015/04/24,07:30:00,798900,670105,"17.580",99,33,0,100,410
2015/04/24,07:35:00,798752,669750,"17.615",98,33,0,100,399
2015/04/24,07:40:00,798728,669256,"17.685",99,33,0,100,812
2015/04/24,07:45:00,798765,668984,"17.731",99,33,0,100,520
2015/04/24,07:50:00,798813,668692,"17.780",99,33,0,100,570
2015/04/24,07:55:00,798769,668325,"17.830",99,33,0,100,567
2015/04/24,08:00:00,798761,667848,"17.900",99,33,0,100,808
2015/04/24,08:05:00,798710,667318,"17.973",99,33,0,100,838
2015/04/24,08:10:00,798663,666672,"18.064",99,33,0,100,1044
2015/04/24,08:15:00,798609,666169,"18.133",99,33,0,100,789
2015/04/24,08:20:00,798552,665721,"18.193",99,33,0,100,690
2015/04/24,08:25:00,798486,665149,"18.271",99,33,0,100,892
2015/04/24,08:30:00,798572,664620,"18.361",99,33,0,100,1037
2015/04/24,08:35:00,798461,664108,"18.424",99,33,0,100,725
2015/04/24,08:40:00,798323,663695,"18.469",99,33,0,100,515
2015/04/24,08:45:00,798362,663344,"18.527",99,33,0,100,663
2015/04/24,08:50:00,798168,662841,"18.578",99,34,0,100,592
2015/04/24,08:55:00,798145,662325,"18.653",99,34,0,100,861
2015/04/24,09:00:00,798152,661999,"18.704",99,34,0,100,575
2015/04/24,09:05:00,798010,661360,"18.782",99,34,0,100,904
2015/04/24,09:10:00,797870,660466,"18.900",99,34,0,100,1351
2015/04/24,09:15:00,798067,660128,"18.976",98,34,0,100,880
2015/04/24,09:20:00,798032,659634,"19.046",99,34,0,100,809
2015/04/24,09:25:00,798093,659203,"19.119",99,34,0,100,838
2015/04/24,09:30:00,798068,658584,"19.210",99,34,0,100,1042
2015/04/24,09:35:00,797974,657872,"19.307",99,34,0,100,1106
2015/04/24,09:40:00,797954,657548,"19.353",99,34,0,100,537
2015/04/24,09:45:00,797932,657141,"19.412",99,34,0,100,679
2015/04/24,09:50:00,797851,656624,"19.481",99,34,0,100,787
2015/04/24,09:55:00,797914,656221,"19.550",99,34,0,100,795
2015/04/24,10:00:00,797884,655455,"19.663",99,34,0,100,1297
2015/04/24,10:05:00,797914,655199,"19.706",99,34,0,100,491
2015/04/24,10:10:00,797871,654884,"19.749",99,34,0,100,490
2015/04/24,10:15:00,797828,654553,"19.794",99,34,0,100,518
2015/04/24,10:20:00,797720,654142,"19.843",99,34,0,100,565
2015/04/24,10:25:00,797786,653891,"19.890",99,34,0,100,535
2015/04/24,10:30:00,797863,653553,"19.951",98,34,0,100,711
2015/04/24,10:35:00,797776,653168,"19.999",99,34,0,100,551
2015/04/24,10:40:00,797735,652916,"20.033",99,34,0,100,384
2015/04/24,10:45:00,797666,652640,"20.066",99,34,0,100,386
2015/04/24,10:50:00,797658,652428,"20.098",99,34,0,100,361
2015/04/24,10:55:00,797460,652090,"20.125",98,34,0,100,313
2015/04/24,11:00:00,797441,651911,"20.150",99,34,0,100,288
2015/04/24,11:05:00,797401,651735,"20.172",99,34,0,100,252
2015/04/24,11:10:00,797343,651510,"20.199",99,34,0,100,313
2015/04/24,11:15:00,797377,651389,"20.222",99,34,0,100,262
2015/04/24,11:20:00,797337,651090,"20.263",100,35,0,100,465
2015/04/24,11:25:00,797297,650897,"20.288",99,35,0,100,283
2015/04/24,11:30:00,797152,650541,"20.324",99,35,0,100,419
2015/04/24,11:35:00,797115,650176,"20.376",100,35,0,100,585
2015/04/24,11:40:00,797026,649824,"20.419",98,35,0,100,498
2015/04/24,11:45:00,796984,649563,"20.453",99,35,0,100,401
2015/04/24,11:50:00,796954,649165,"20.511",99,35,0,100,660
2015/04/24,11:55:00,796843,648919,"20.535",99,35,0,100,275
2015/04/24,12:00:00,796799,648776,"20.551",99,35,0,100,190
2015/04/24,12:05:00,796743,648615,"20.569",99,35,0,100,204
2015/04/24,12:10:00,796649,648357,"20.597",98,35,0,100,324
2015/04/24,12:15:00,796697,648203,"20.627",100,35,0,100,338
2015/04/24,12:20:00,796631,648003,"20.650",99,35,0,100,259
2015/04/24,12:25:00,796556,647848,"20.664",98,36,0,100,168
2015/04/24,12:30:00,796616,647774,"20.683",99,36,0,100,218
2015/04/24,12:35:00,796573,647653,"20.696",100,36,0,100,151
2015/04/24,12:40:00,796460,647421,"20.718",99,36,0,100,248
2015/04/24,12:45:00,796394,647226,"20.740",99,36,0,100,251
2015/04/24,12:50:00,796370,647062,"20.762",99,36,0,100,256
2015/04/24,12:55:00,796346,646854,"20.791",99,36,0,100,334
2015/04/24,13:00:00,796310,646695,"20.811",99,36,0,100,230
2015/04/24,13:05:00,796331,646561,"20.835",99,36,0,100,268
2015/04/24,13:10:00,796279,646363,"20.859",99,36,0,100,277
2015/04/24,13:15:00,796315,646076,"20.908",99,36,0,100,561
2015/04/24,13:20:00,796320,645699,"20.967",98,36,0,100,684
2015/04/24,13:25:00,796408,645151,"21.063",99,36,0,100,1101
2015/04/24,13:30:00,796481,644513,"21.171",99,36,0,100,1240
2015/04/24,13:35:00,796539,643909,"21.272",100,36,0,100,1148
2015/04/24,13:40:00,796493,643197,"21.377",100,36,0,100,1191
2015/04/24,13:45:00,796424,642820,"21.427",99,36,0,100,573
2015/04/24,13:50:00,796279,642531,"21.453",99,36,0,100,307
2015/04/24,13:55:00,796213,642044,"21.521",99,36,0,100,775
2015/04/24,14:00:00,796140,641533,"21.591",99,36,0,100,808
2015/04/24,14:05:00,796118,641427,"21.605",99,36,0,100,158
2015/04/24,14:10:00,796062,641259,"21.624",99,36,0,100,220
2015/04/24,14:15:00,796051,641062,"21.654",99,36,0,100,337
2015/04/24,14:20:00,795943,640399,"21.744",100,36,0,100,1021
2015/04/24,14:25:00,795949,640241,"21.769",99,36,0,100,292
2015/04/24,14:30:00,795929,639608,"21.865",99,36,0,100,1106
2015/04/24,14:35:00,795885,639121,"21.936",99,36,0,100,811
2015/04/24,14:40:00,795845,638859,"21.972",99,36,0,100,413
2015/04/24,14:45:00,795911,638397,"22.053",99,36,0,100,925
2015/04/24,14:50:00,795877,638193,"22.080",100,36,0,100,315
2015/04/24,14:55:00,795910,638004,"22.114",99,37,0,100,387
2015/04/24,15:00:00,795815,637799,"22.134",99,37,0,100,232
2015/04/24,15:05:00,795749,637580,"22.160",98,37,0,100,302
2015/04/24,15:10:00,795743,637400,"22.188",99,36,0,100,315
2015/04/24,15:15:00,795803,637300,"22.211",100,36,0,100,264
2015/04/24,15:20:00,795785,637037,"22.250",99,36,0,100,448
2015/04/24,15:25:00,795774,636850,"22.278",99,36,0,100,321
2015/04/24,15:30:00,795722,636744,"22.288",99,36,0,100,116
2015/04/24,15:35:00,795739,636571,"22.318",99,36,0,100,336
2015/04/24,15:40:00,795770,636432,"22.343",99,36,0,100,295
2015/04/24,15:45:00,795774,636291,"22.366",99,36,0,100,260
2015/04/24,15:50:00,795770,636167,"22.385",99,36,0,100,218
2015/04/24,15:55:00,795782,636056,"22.404",98,36,0,100,220
2015/04/24,16:00:00,795753,635876,"22.429",99,36,0,100,283
2015/04/24,16:05:00,795774,635792,"22.444",100,36,0,100,180
2015/04/24,16:10:00,795750,635679,"22.459",98,36,0,100,171
2015/04/24,16:15:00,795793,635534,"22.487",98,36,0,100,327
2015/04/24,16:20:00,795824,635395,"22.513",99,36,0,100,296
2015/04/24,16:25:00,795868,635229,"22.545",99,36,0,100,363
2015/04/24,16:30:00,795936,635007,"22.588",99,36,0,100,499
2015/04/24,16:35:00,796000,634774,"22.633",99,36,0,100,513
2015/04/24,16:40:00,796130,634554,"22.684",99,36,0,100,585
2015/04/24,16:45:00,796235,634359,"22.728",99,35,0,100,504
2015/04/24,16:50:00,796354,634152,"22.776",99,35,0,100,546
2015/04/24,16:55:00,796316,633852,"22.818",99,35,0,100,488
2015/04/24,17:00:00,796270,633706,"22.835",99,35,0,100,198
2015/04/24,17:05:00,796246,633548,"22.857",99,35,0,100,252
2015/04/24,17:10:00,796198,633378,"22.878",99,35,0,100,239
2015/04/24,17:15:00,796221,633190,"22.911",99,35,0,100,374
2015/04/24,17:20:00,796224,632995,"22.942",99,35,0,100,358
2015/04/24,17:25:00,796326,632937,"22.964",99,35,0,100,252
2015/04/24,17:30:00,796386,632803,"22.992",99,35,0,100,329
2015/04/24,17:35:00,796358,632528,"23.032",99,35,0,100,458
2015/04/24,17:40:00,796264,632192,"23.074",99,35,0,100,474
2015/04/24,17:45:00,796298,632103,"23.092",99,35,0,100,211
2015/04/24,17:50:00,796245,631926,"23.113",99,35,0,100,245
2015/04/24,17:55:00,796221,631743,"23.139",99,35,0,100,298
2015/04/24,18:00:00,796344,631662,"23.168",99,35,0,100,324
2015/04/24,18:05:00,796314,631517,"23.187",99,35,0,100,220
2015/04/24,18:10:00,796407,631372,"23.222",99,35,0,100,398
2015/04/24,18:15:00,796461,631246,"23.248",99,35,0,100,307
2015/04/24,18:20:00,796509,631091,"23.279",99,35,0,100,351
2015/04/24,18:25:00,796549,630955,"23.305",99,35,0,100,305
2015/04/24,18:30:00,796557,630789,"23.333",99,35,0,100,313
2015/04/24,18:35:00,796639,630653,"23.365",99,34,0,100,366
2015/04/24,18:40:00,796807,630483,"23.413",99,34,0,100,551
2015/04/24,18:45:00,796774,630221,"23.450",99,34,0,100,429
2015/04/24,18:50:00,796838,630042,"23.486",99,34,0,100,418
2015/04/24,18:55:00,796801,629774,"23.524",99,34,0,100,435
2015/04/24,19:00:00,796916,629574,"23.571",99,34,0,100,530
2015/04/24,19:05:00,796795,629359,"23.590",99,34,0,100,218
2015/04/24,19:10:00,796860,629318,"23.604",99,34,0,100,168
2015/04/24,19:15:00,796867,629174,"23.628",99,34,0,100,273
2015/04/24,19:20:00,796889,629053,"23.650",99,34,0,100,252
2015/04/24,19:25:00,796815,628899,"23.665",99,34,0,100,174
2015/04/24,19:30:00,796803,628777,"23.683",99,34,0,100,205
2015/04/24,19:35:00,796789,628637,"23.704",99,34,0,100,235
2015/04/24,19:40:00,796887,628537,"23.732",99,34,0,100,324
2015/04/24,19:45:00,796849,628368,"23.754",99,34,0,100,254
2015/04/24,19:50:00,796855,628240,"23.775",99,34,0,100,242
2015/04/24,19:55:00,796926,628133,"23.801",99,34,0,100,298
2015/04/24,20:00:00,797027,628076,"23.823",99,33,0,100,250
2015/04/24,20:05:00,797142,627979,"23.853",99,33,0,100,343
2015/04/24,20:10:00,797052,627803,"23.869",99,33,0,100,192
2015/04/24,20:15:00,797131,627642,"23.905",99,33,0,100,408
2015/04/24,20:20:00,797029,627498,"23.915",99,33,0,100,116
2015/04/24,20:25:00,797060,627415,"23.932",99,33,0,100,196
2015/04/24,20:30:00,797152,627359,"23.953",99,33,0,100,235
2015/04/24,20:35:00,797286,627296,"23.979",99,33,0,100,308
2015/04/24,20:40:00,797258,627064,"24.013",99,33,0,100,384
2015/04/24,20:45:00,797178,626905,"24.028",99,33,0,100,176
2015/04/24,20:50:00,797236,626863,"24.042",99,33,0,100,160
2015/04/24,20:55:00,797319,626753,"24.070",99,33,0,100,321
2015/04/24,21:00:00,797282,626543,"24.099",99,33,0,100,331
2015/04/24,21:05:00,797342,626415,"24.127",99,33,0,100,321
2015/04/24,21:10:00,797333,626261,"24.151",99,33,0,100,269
2015/04/24,21:15:00,797348,626103,"24.178",99,33,0,100,311
2015/04/24,21:20:00,797299,625920,"24.201",100,33,0,100,262
2015/04/24,21:25:00,797256,625733,"24.225",99,33,0,100,281
2015/04/24,21:30:00,797322,625630,"24.250",99,33,0,100,284
2015/04/24,21:35:00,797323,625445,"24.280",99,33,0,100,341
2015/04/24,21:40:00,797274,625260,"24.303",99,33,0,100,269
2015/04/24,21:45:00,797154,625048,"24.322",99,33,0,100,216
2015/04/24,21:50:00,797108,624892,"24.341",99,33,0,100,220
2015/04/24,21:55:00,797025,624716,"24.359",99,33,0,100,204
2015/04/24,22:00:00,796898,624478,"24.381",99,33,0,100,254
2015/04/24,22:05:00,796952,624298,"24.417",99,33,0,100,409
2015/04/24,22:10:00,797089,624176,"24.453",99,33,0,100,422
2015/04/24,22:15:00,797186,623945,"24.503",99,33,0,100,564
2015/04/24,22:20:00,797269,623731,"24.547",99,33,0,100,513
2015/04/24,22:25:00,797278,623461,"24.592",99,33,0,100,510
2015/04/24,22:30:00,797146,623200,"24.617",99,33,0,100,290
2015/04/24,22:35:00,797051,622922,"24.650",99,33,0,100,375
2015/04/24,22:40:00,797077,622786,"24.675",99,33,0,100,288
2015/04/24,22:45:00,796984,622589,"24.695",99,33,0,100,229
2015/04/24,22:50:00,796876,622390,"24.713",99,33,0,100,211
2015/04/24,22:55:00,796841,622281,"24.726",99,33,0,100,151
2015/04/24,23:00:00,796780,622020,"24.761",99,33,0,100,394
2015/04/24,23:05:00,796740,621820,"24.788",99,33,0,100,311
2015/04/24,23:10:00,796671,621641,"24.808",99,33,0,100,231
2015/04/24,23:15:00,796570,621357,"24.841",99,33,0,100,379
2015/04/24,23:20:00,796645,621224,"24.872",99,33,0,100,354
2015/04/24,23:25:00,796602,620993,"24.904",99,33,0,100,365
2015/04/24,23:30:00,797041,620986,"24.960",99,33,0,100,645
2015/04/24,23:35:00,797077,620795,"24.995",99,33,0,100,405
2015/04/24,23:40:00,797034,620686,"25.007",98,33,0,100,141
2015/04/24,23:45:00,797008,620648,"25.010",99,33,0,100,33
2015/04/24,23:50:00,796883,620581,"25.005",99,33,0,100,-56
2015/04/24,23:55:00,796806,620526,"25.004",99,33,0,100,-9
2015/04/25,00:00:00,796778,620436,"25.015",99,33,0,100,126
2015/04/25,00:05:00,796729,620347,"25.024",98,33,0,100,95
2015/04/25,00:10:00,796667,620249,"25.032",99,33,0,100,92
2015/04/25,00:15:00,796787,620249,"25.047",99,33,0,100,173
2015/04/25,00:20:00,796817,620125,"25.070",99,33,0,100,273
2015/04/25,00:25:00,796776,620004,"25.085",99,33,0,100,165
2015/04/25,00:30:00,796779,620006,"25.085",99,33,0,100,1
2015/04/25,00:35:00,796795,619939,"25.098",98,33,0,100,149
2015/04/25,00:40:00,796704,619751,"25.117",99,33,0,100,217
2015/04/25,00:45:00,796841,619834,"25.120",99,33,0,100,44
2015/04/25,00:50:00,796764,619731,"25.127",99,33,0,100,80
2015/04/25,00:55:00,796718,619652,"25.134",99,33,0,100,80
2015/04/25,01:00:00,796724,619602,"25.143",99,33,0,100,101
2015/04/25,01:05:00,796809,619658,"25.145",99,32,0,100,19
2015/04/25,01:10:00,796832,619522,"25.170",99,32,0,100,285
2015/04/25,01:15:00,796760,619431,"25.175",99,32,0,100,65
2015/04/25,01:20:00,796872,619446,"25.187",99,32,0,100,134
2015/04/25,01:25:00,796808,619387,"25.188",99,33,0,100,17
2015/04/25,01:30:00,796715,619337,"25.185",99,33,0,100,-41
2015/04/25,01:35:00,796667,619308,"25.183",99,33,0,100,-15
2015/04/25,01:40:00,796537,619232,"25.179",99,33,0,100,-46
2015/04/25,01:45:00,796475,619193,"25.178",99,33,0,100,-17
2015/04/25,01:50:00,796469,619182,"25.179",99,33,0,100,12
2015/04/25,01:55:00,796393,619121,"25.179",99,33,0,100,4
2015/04/25,02:00:00,796361,619088,"25.181",99,33,0,100,15
2015/04/25,02:05:00,796298,619017,"25.184",99,33,0,100,41
2015/04/25,02:10:00,796346,619023,"25.189",99,33,0,100,58
2015/04/25,02:15:00,796379,619014,"25.195",99,33,0,100,64
2015/04/25,02:20:00,796255,618899,"25.198",99,33,0,100,35
2015/04/25,02:25:00,796343,618920,"25.205",99,33,0,100,88
2015/04/25,02:30:00,796161,618751,"25.210",99,33,0,100,51
2015/04/25,02:35:00,796304,618811,"25.218",99,33,0,100,95
2015/04/25,02:40:00,796242,618721,"25.225",99,33,0,100,78
2015/04/25,02:45:00,796342,618742,"25.234",99,33,0,100,105
2015/04/25,02:50:00,796401,618728,"25.244",99,33,0,100,111
2015/04/25,02:55:00,796253,618580,"25.249",99,33,0,100,61
2015/04/25,03:00:00,796387,618578,"25.266",99,33,0,100,197
2015/04/25,03:05:00,796295,618462,"25.273",99,33,0,100,83
2015/04/25,03:10:00,796335,618444,"25.281",99,33,0,100,91
2015/04/25,03:15:00,796363,618421,"25.289",99,33,0,100,83
2015/04/25,03:20:00,796310,618319,"25.298",98,33,0,100,114
2015/04/25,03:25:00,796263,618227,"25.307",99,33,0,100,103
2015/04/25,03:30:00,796399,618247,"25.321",98,33,0,100,160
2015/04/25,03:35:00,796316,618147,"25.327",99,33,0,100,66
2015/04/25,03:40:00,796316,618106,"25.334",99,33,0,100,76
2015/04/25,03:45:00,796257,618032,"25.338",99,33,0,100,52
2015/04/25,03:50:00,796416,618097,"25.348",99,33,0,100,108
2015/04/25,03:55:00,796399,618046,"25.354",98,33,0,100,71
2015/04/25,04:00:00,796341,617967,"25.359",99,33,0,100,63
2015/04/25,04:05:00,796425,617988,"25.366",99,33,0,100,82
2015/04/25,04:10:00,796489,617995,"25.373",100,32,0,100,78
2015/04/25,04:15:00,796492,617946,"25.382",99,32,0,100,95
2015/04/25,04:20:00,796375,617836,"25.385",99,32,0,100,36
2015/04/25,04:25:00,796442,617849,"25.391",99,32,0,100,72
2015/04/25,04:30:00,796442,617818,"25.396",99,32,0,100,58
2015/04/25,04:35:00,796490,617807,"25.404",99,32,0,100,90
2015/04/25,04:40:00,796483,617758,"25.411",99,32,0,100,81
2015/04/25,04:45:00,796517,617741,"25.418",99,32,0,100,81
2015/04/25,04:50:00,796451,617660,"25.423",99,32,0,100,55
2015/04/25,04:55:00,796411,617578,"25.431",99,32,0,100,95
2015/04/25,05:00:00,796426,617551,"25.437",99,32,0,100,72
2015/04/25,05:05:00,796490,617564,"25.443",100,32,0,100,67
2015/04/25,05:10:00,796484,617523,"25.449",99,32,0,100,68
2015/04/25,05:15:00,796664,617509,"25.474",99,32,0,100,285
2015/04/25,05:20:00,796922,617491,"25.509",99,32,0,100,405
2015/04/25,05:25:00,797014,617391,"25.537",99,32,0,100,318
2015/04/25,05:30:00,797048,617347,"25.548",99,32,0,100,131
2015/04/25,05:35:00,797028,617320,"25.550",99,32,0,100,21
2015/04/25,05:40:00,796962,617304,"25.545",99,32,0,100,-65
2015/04/25,05:45:00,796741,617196,"25.534",99,32,0,100,-117
2015/04/25,05:50:00,796710,617219,"25.527",98,32,0,100,-88
2015/04/25,05:55:00,796563,617148,"25.520",99,32,0,100,-80
2015/04/25,06:00:00,796444,617057,"25.520",99,32,0,100,-2
2015/04/25,06:05:00,796335,616925,"25.527",99,32,0,100,88
2015/04/25,06:10:00,796317,616885,"25.531",99,32,0,100,48
2015/04/25,06:15:00,796133,616739,"25.532",99,32,0,100,6
2015/04/25,06:20:00,796132,616712,"25.536",99,32,0,100,49
2015/04/25,06:25:00,796168,616679,"25.546",99,32,0,100,113
2015/04/25,06:30:00,796070,616557,"25.554",99,32,0,100,86
2015/04/25,06:35:00,796028,616448,"25.566",98,32,0,100,144
2015/04/25,06:40:00,796023,616362,"25.579",99,32,0,100,153
2015/04/25,06:45:00,795913,616172,"25.596",99,33,0,100,195
2015/04/25,06:50:00,796044,616128,"25.620",99,33,0,100,271
2015/04/25,06:55:00,795881,615916,"25.634",99,33,0,100,160
2015/04/25,07:00:00,795838,615776,"25.651",99,33,0,100,199
2015/04/25,07:05:00,795850,615614,"25.679",99,33,0,100,319
2015/04/25,07:10:00,795784,615403,"25.705",99,33,0,100,298
2015/04/25,07:15:00,795670,615182,"25.727",99,33,0,100,248
2015/04/25,07:20:00,795664,615063,"25.745",99,33,0,100,213
2015/04/25,07:25:00,795616,614905,"25.765",99,33,0,100,226
2015/04/25,07:30:00,795584,614618,"25.808",99,33,0,100,490
2015/04/25,07:35:00,795436,614130,"25.868",99,33,0,100,698
2015/04/25,07:40:00,795410,613643,"25.944",99,33,0,100,873
2015/04/25,07:45:00,795378,613119,"26.026",99,33,0,100,934
2015/04/25,07:50:00,795224,612516,"26.105",99,33,0,100,907
2015/04/25,07:55:00,795170,612088,"26.168",99,34,0,100,724
2015/04/25,08:00:00,795184,611738,"26.227",99,34,0,100,677
2015/04/25,08:05:00,795140,611428,"26.272",99,34,0,100,518
2015/04/25,08:10:00,795186,611237,"26.309",99,34,0,100,425
2015/04/25,08:15:00,795080,611004,"26.334",99,34,0,100,285
2015/04/25,08:20:00,795095,610872,"26.357",99,34,0,100,270
2015/04/25,08:25:00,795004,610704,"26.373",99,34,0,100,184
2015/04/25,08:30:00,794948,610505,"26.399",99,34,0,100,293
2015/04/25,08:35:00,794787,610152,"26.437",99,34,0,100,431
2015/04/25,08:40:00,794839,610106,"26.451",99,34,0,100,162
2015/04/25,08:45:00,794825,609964,"26.472",99,34,0,100,247
2015/04/25,08:50:00,794763,609770,"26.496",99,34,0,100,276
2015/04/25,08:55:00,794663,609644,"26.504",99,34,0,100,93
2015/04/25,09:00:00,794605,609576,"26.508",99,35,0,100,44
2015/04/25,09:05:00,794566,609440,"26.526",99,35,0,100,200
2015/04/25,09:10:00,794502,609226,"26.553",99,35,0,100,311
2015/04/25,09:15:00,794548,609084,"26.582",99,35,0,100,334
2015/04/25,09:20:00,794506,608803,"26.623",99,35,0,100,469
2015/04/25,09:25:00,794478,608665,"26.642",99,35,0,100,220
2015/04/25,09:30:00,794378,608463,"26.662",99,35,0,100,236
2015/04/25,09:35:00,794305,608290,"26.682",99,35,0,100,221
2015/04/25,09:40:00,794276,608099,"26.709",99,35,0,100,318
2015/04/25,09:45:00,794301,607853,"26.753",99,35,0,100,500
2015/04/25,09:50:00,794305,607527,"26.807",99,35,0,100,621
2015/04/25,09:55:00,794334,607279,"26.852",99,35,0,100,510
2015/04/25,10:00:00,794354,607039,"26.894",99,35,0,100,482
2015/04/25,10:05:00,794456,606808,"26.945",99,35,0,100,584
2015/04/25,10:10:00,794383,606516,"26.983",99,35,0,100,447
2015/04/25,10:15:00,794460,606387,"27.014",99,35,0,100,355
2015/04/25,10:20:00,794339,606177,"27.034",99,35,0,100,223
2015/04/25,10:25:00,794333,606150,"27.038",99,35,0,100,42
2015/04/25,10:30:00,794285,606063,"27.046",99,35,0,100,95
2015/04/25,10:35:00,794190,605963,"27.050",99,35,0,100,52
2015/04/25,10:40:00,794177,605702,"27.092",99,35,0,100,476
2015/04/25,10:45:00,794251,605335,"27.162",99,35,0,100,802
2015/04/25,10:50:00,794290,605034,"27.216",99,35,0,100,627
2015/04/25,10:55:00,794215,604707,"27.261",99,35,0,100,512
2015/04/25,11:00:00,794363,604552,"27.305",99,35,0,100,508
2015/04/25,11:05:00,794304,604245,"27.349",99,35,0,100,498
2015/04/25,11:10:00,794204,603985,"27.379",99,35,0,100,349
2015/04/25,11:15:00,793994,603664,"27.406",99,35,0,100,307
2015/04/25,11:20:00,793948,603463,"27.433",99,35,0,100,316
2015/04/25,11:25:00,793848,603298,"27.448",99,35,0,100,169
2015/04/25,11:30:00,793890,603205,"27.469",99,35,0,100,238
2015/04/25,11:35:00,793957,603091,"27.496",99,35,0,100,314
2015/04/25,11:40:00,793974,602818,"27.544",99,35,0,100,544
2015/04/25,11:45:00,793951,602590,"27.578",99,35,0,100,401
2015/04/25,11:50:00,793868,602336,"27.610",99,35,0,100,364
2015/04/25,11:55:00,793855,602180,"27.634",99,35,0,100,278
2015/04/25,12:00:00,793905,602098,"27.654",99,35,0,100,229
2015/04/25,12:05:00,793801,601929,"27.669",99,35,0,100,172
2015/04/25,12:10:00,793686,601739,"27.686",99,35,0,100,196
2015/04/25,12:15:00,793672,601586,"27.710",99,35,0,100,272
2015/04/25,12:20:00,793676,601450,"27.733",99,36,0,100,265
2015/04/25,12:25:00,793655,601340,"27.749",99,36,0,100,180
2015/04/25,12:30:00,793634,601202,"27.769",99,36,0,100,233
2015/04/25,12:35:00,793665,601079,"27.794",99,35,0,100,280
2015/04/25,12:40:00,793577,600831,"27.824",99,35,0,100,346
2015/04/25,12:45:00,793635,600739,"27.846",99,36,0,100,260
2015/04/25,12:50:00,793543,600543,"27.867",99,36,0,100,241
2015/04/25,12:55:00,793476,600469,"27.871",99,36,0,100,45
2015/04/25,13:00:00,793494,600440,"27.878",99,36,0,100,81
2015/04/25,13:05:00,793495,600390,"27.887",99,36,0,100,97
2015/04/25,13:10:00,793514,600279,"27.908",99,36,0,100,240
2015/04/25,13:15:00,793587,600193,"27.931",99,36,0,100,270
2015/04/25,13:20:00,793677,600115,"27.956",99,35,0,100,279
2015/04/25,13:25:00,793669,599872,"27.995",99,35,0,100,453
2015/04/25,13:30:00,793823,599764,"28.032",99,35,0,100,429
2015/04/25,13:35:00,794007,599634,"28.077",99,35,0,100,515
2015/04/25,13:40:00,794293,599499,"28.136",99,35,0,100,672
2015/04/25,13:45:00,794148,599271,"28.156",99,35,0,100,227
2015/04/25,13:50:00,794306,598727,"28.266",99,35,0,100,1270
2015/04/25,13:55:00,794252,598567,"28.286",99,35,0,100,229
2015/04/25,14:00:00,794298,598408,"28.319",99,35,0,100,371
2015/04/25,14:05:00,794389,598221,"28.361",99,35,0,100,490
2015/04/25,14:10:00,794398,598122,"28.379",99,35,0,100,203
2015/04/25,14:15:00,794348,597914,"28.407",99,35,0,100,327
2015/04/25,14:20:00,794324,597812,"28.422",99,35,0,100,161
2015/04/25,14:25:00,794265,597562,"28.456",99,35,0,100,395
2015/04/25,14:30:00,794050,597352,"28.464",99,35,0,100,93
2015/04/25,14:35:00,794049,597259,"28.479",99,35,0,100,177
2015/04/25,14:40:00,794008,597174,"28.489",99,35,0,100,104
2015/04/25,14:45:00,794001,597037,"28.511",99,35,0,100,253
2015/04/25,14:50:00,794020,596872,"28.541",99,35,0,100,345
2015/04/25,14:55:00,794015,596749,"28.561",99,35,0,100,229
2015/04/25,15:00:00,794053,596614,"28.588",99,35,0,100,315
2015/04/25,15:05:00,794089,596477,"28.615",99,35,0,100,316
2015/04/25,15:10:00,794044,596308,"28.638",99,35,0,100,260
2015/04/25,15:15:00,794042,596205,"28.655",99,35,0,100,195
2015/04/25,15:20:00,793959,596008,"28.678",99,35,0,100,259
2015/04/25,15:25:00,793944,595874,"28.698",99,35,0,100,236
2015/04/25,15:30:00,794115,595841,"28.725",99,34,0,100,311
2015/04/25,15:35:00,794104,595656,"28.755",99,34,0,100,340
2015/04/25,15:40:00,794057,595486,"28.778",99,34,0,100,260
2015/04/25,15:45:00,794161,595400,"28.805",99,34,0,100,316
2015/04/25,15:50:00,794023,595194,"28.823",99,34,0,100,198
2015/04/25,15:55:00,794090,595125,"28.843",99,34,0,100,230
2015/04/25,16:00:00,794049,594987,"28.861",99,34,0,100,207
2015/04/25,16:05:00,794071,594829,"28.890",99,34,0,100,337
2015/04/25,16:10:00,794103,594733,"28.910",99,34,0,100,231
2015/04/25,16:15:00,794003,594585,"28.922",99,34,0,100,141
2015/04/25,16:20:00,793942,594454,"28.937",99,35,0,100,165
2015/04/25,16:25:00,793915,594309,"28.958",99,35,0,100,241
2015/04/25,16:30:00,793889,594230,"28.968",99,35,0,100,115
2015/04/25,16:35:00,793850,594141,"28.978",99,35,0,100,116
2015/04/25,16:40:00,793848,594055,"28.992",99,35,0,100,163
2015/04/25,16:45:00,793844,593985,"29.003",99,35,0,100,129
2015/04/25,16:50:00,793804,593901,"29.012",99,35,0,100,104
2015/04/25,16:55:00,793787,593841,"29.020",99,35,0,100,91
2015/04/25,17:00:00,793722,593717,"29.033",99,35,0,100,146
2015/04/25,17:05:00,793750,593660,"29.046",99,35,0,100,151
2015/04/25,17:10:00,793616,593509,"29.055",99,35,0,100,98
2015/04/25,17:15:00,793677,593465,"29.070",99,35,0,100,173
2015/04/25,17:20:00,793606,593356,"29.079",99,35,0,100,108
2015/04/25,17:25:00,793616,593267,"29.096",99,35,0,100,187
2015/04/25,17:30:00,793492,593116,"29.105",99,35,0,100,113
2015/04/25,17:35:00,793483,593016,"29.121",99,35,0,100,180
2015/04/25,17:40:00,793557,592944,"29.143",99,35,0,100,246
2015/04/25,17:45:00,793469,592749,"29.164",99,35,0,100,250
2015/04/25,17:50:00,793507,592626,"29.190",99,35,0,100,293
2015/04/25,17:55:00,793421,592437,"29.211",99,35,0,100,242
2015/04/25,18:00:00,793534,592378,"29.235",99,35,0,100,278
2015/04/25,18:05:00,793556,592285,"29.254",99,35,0,100,212
2015/04/25,18:10:00,793502,592123,"29.274",99,35,0,100,236
2015/04/25,18:15:00,793500,592034,"29.289",99,35,0,100,170
2015/04/25,18:20:00,793538,591991,"29.301",99,35,0,100,138
2015/04/25,18:25:00,793560,591888,"29.321",99,35,0,100,231
2015/04/25,18:30:00,793558,591776,"29.340",99,35,0,100,214
2015/04/25,18:35:00,793685,591802,"29.351",99,35,0,100,133
2015/04/25,18:40:00,793785,591723,"29.377",99,34,0,100,298
2015/04/25,18:45:00,794012,591687,"29.412",99,34,0,100,398
2015/04/25,18:50:00,794246,591613,"29.454",99,34,0,100,482
2015/04/25,18:55:00,794252,591499,"29.474",99,34,0,100,230
2015/04/25,19:00:00,794227,591412,"29.486",99,34,0,100,133
2015/04/25,19:05:00,794246,591395,"29.491",99,34,0,100,60
2015/04/25,19:10:00,794228,591380,"29.491",99,34,0,100,3
2015/04/25,19:15:00,794194,591352,"29.492",99,34,0,100,5
2015/04/25,19:20:00,794102,591260,"29.496",98,34,0,100,46
2015/04/25,19:25:00,794187,591243,"29.509",99,34,0,100,156
2015/04/25,19:30:00,794127,591102,"29.525",99,34,0,100,187
2015/04/25,19:35:00,794022,590930,"29.541",99,34,0,100,182
2015/04/25,19:40:00,794097,590913,"29.554",99,34,0,100,141
2015/04/25,19:45:00,794002,590790,"29.563",99,34,0,100,102
2015/04/25,19:50:00,793995,590713,"29.575",99,34,0,100,139
2015/04/25,19:55:00,794147,590714,"29.594",99,34,0,100,218
2015/04/25,20:00:00,794233,590639,"29.617",99,34,0,100,270
2015/04/25,20:05:00,794196,590469,"29.641",99,34,0,100,277
2015/04/25,20:10:00,794274,590443,"29.656",99,34,0,100,163
2015/04/25,20:15:00,794284,590356,"29.672",99,34,0,100,184
2015/04/25,20:20:00,794350,590216,"29.704",99,33,0,100,367
2015/04/25,20:25:00,794334,590033,"29.733",99,33,0,100,333
2015/04/25,20:30:00,794342,589870,"29.761",99,33,0,100,329
2015/04/25,20:35:00,794354,589686,"29.794",99,33,0,100,375
2015/04/25,20:40:00,794426,589476,"29.839",99,33,0,100,513
2015/04/25,20:45:00,794498,589411,"29.859",99,33,0,100,231
2015/04/25,20:50:00,794508,589268,"29.884",99,33,0,100,293
2015/04/25,20:55:00,794524,589103,"29.914",99,33,0,100,344
2015/04/25,21:00:00,794471,588912,"29.940",99,33,0,100,296
2015/04/25,21:05:00,794510,588777,"29.968",99,33,0,100,319
2015/04/25,21:10:00,794634,588618,"30.010",99,33,0,100,489
2015/04/25,21:15:00,794787,588424,"30.063",99,33,0,100,599
2015/04/25,21:20:00,794961,588250,"30.114",99,32,0,100,591
2015/04/25,21:25:00,794967,588048,"30.149",99,32,0,100,403
2015/04/25,21:30:00,794736,587766,"30.168",99,33,0,100,217
2015/04/25,21:35:00,794611,587501,"30.197",99,33,0,100,337
2015/04/25,21:40:00,794554,587267,"30.230",99,33,0,100,375
2015/04/25,21:45:00,794525,587030,"30.267",99,33,0,100,421
2015/04/25,21:50:00,794508,586785,"30.306",99,33,0,100,454
2015/04/25,21:55:00,794382,586516,"30.336",99,33,0,100,344
2015/04/25,22:00:00,794287,586281,"30.365",99,33,0,100,323
2015/04/25,22:05:00,794236,586006,"30.405",99,33,0,100,465
2015/04/25,22:10:00,794190,585721,"30.448",99,33,0,100,492
2015/04/25,22:15:00,794159,585350,"30.507",99,33,0,100,682
2015/04/25,22:20:00,794144,584941,"30.575",99,33,0,100,780
2015/04/25,22:25:00,794131,584570,"30.637",99,33,0,100,709
2015/04/25,22:30:00,794120,584258,"30.689",99,33,0,100,597
2015/04/25,22:35:00,794100,583938,"30.741",99,33,0,100,600
2015/04/25,22:40:00,793992,583549,"30.794",99,33,0,100,609
2015/04/25,22:45:00,794039,583254,"30.851",99,33,0,100,648
2015/04/25,22:50:00,794043,582937,"30.906",99,33,0,100,630
2015/04/25,22:55:00,793969,582545,"30.964",99,33,0,100,665
2015/04/25,23:00:00,794013,582265,"31.017",99,33,0,100,615
2015/04/25,23:05:00,793978,581901,"31.076",99,33,0,100,667
2015/04/25,23:10:00,793942,581447,"31.149",99,33,0,100,844
2015/04/25,23:15:00,793982,581087,"31.216",99,33,0,100,768
2015/04/25,23:20:00,793878,580647,"31.279",99,33,0,100,719
2015/04/25,23:25:00,793919,580280,"31.347",99,33,0,100,785
2015/04/25,23:30:00,793953,579903,"31.416",100,33,0,100,787
2015/04/25,23:35:00,793897,579484,"31.482",99,33,0,100,748
2015/04/25,23:40:00,793810,579006,"31.553",99,33,0,100,821
2015/04/25,23:45:00,793918,578377,"31.675",99,33,0,100,1403
2015/04/25,23:50:00,793879,577847,"31.762",99,33,0,100,996
2015/04/25,23:55:00,793792,577322,"31.842",99,33,0,100,917
2015/04/26,00:00:00,793886,576960,"31.917",99,33,0,100,856
2015/04/26,00:05:00,793832,576485,"31.992",99,33,0,100,867
2015/04/26,00:10:00,793816,576077,"32.061",99,33,0,100,789
2015/04/26,00:15:00,793812,575735,"32.120",99,33,0,100,676
2015/04/26,00:20:00,793817,575377,"32.183",98,33,0,100,728
2015/04/26,00:25:00,793767,574996,"32.243",99,33,0,100,688
2015/04/26,00:30:00,793868,574693,"32.308",99,33,0,100,751
2015/04/26,00:35:00,793826,574308,"32.370",99,33,0,100,708
2015/04/26,00:40:00,793842,573968,"32.431",99,33,0,100,703
2015/04/26,00:45:00,793885,573638,"32.494",99,33,0,100,722
2015/04/26,00:50:00,793774,573238,"32.550",99,33,0,100,640
2015/04/26,00:55:00,793738,572902,"32.604",99,33,0,100,621
2015/04/26,01:00:00,793827,572614,"32.665",99,33,0,100,706
2015/04/26,01:05:00,793907,572312,"32.728",99,33,0,100,721
2015/04/26,01:10:00,794078,571894,"32.823",99,33,0,100,1086
2015/04/26,01:15:00,794146,571619,"32.879",99,33,0,100,650
2015/04/26,01:20:00,794169,571307,"32.937",99,33,0,100,660
2015/04/26,01:25:00,793992,570923,"32.982",99,33,0,100,516
2015/04/26,01:30:00,794000,570668,"33.028",99,33,0,100,524
2015/04/26,01:35:00,793904,570388,"33.065",99,33,0,100,424
2015/04/26,01:40:00,793828,570101,"33.105",99,33,0,100,468
2015/04/26,01:45:00,793756,569784,"33.152",99,33,0,100,534
2015/04/26,01:50:00,793831,569539,"33.204",99,33,0,100,602
2015/04/26,01:55:00,793728,569153,"33.259",99,33,0,100,629
2015/04/26,02:00:00,793739,568727,"33.335",99,33,0,100,875
2015/04/26,02:05:00,793679,568318,"33.400",99,33,0,100,739
2015/04/26,02:10:00,793716,568015,"33.458",99,33,0,100,665
2015/04/26,02:15:00,793750,567735,"33.511",99,33,0,100,615
2015/04/26,02:20:00,793883,567541,"33.562",99,33,0,100,584
2015/04/26,02:25:00,793797,567197,"33.612",99,33,0,100,571
2015/04/26,02:30:00,793784,566910,"33.661",99,33,0,100,562
2015/04/26,02:35:00,793760,566599,"33.713",99,33,0,100,595
2015/04/26,02:40:00,793797,566350,"33.762",99,33,0,100,558
2015/04/26,02:45:00,793760,566053,"33.809",99,33,0,100,548
2015/04/26,02:50:00,793755,565759,"33.861",99,33,0,100,589
2015/04/26,02:55:00,793753,565462,"33.913",99,33,0,100,600
2015/04/26,03:00:00,793650,565089,"33.966",99,33,0,100,608
2015/04/26,03:05:00,793795,564870,"34.023",99,33,0,100,654
2015/04/26,03:10:00,793793,564541,"34.081",99,33,0,100,666
2015/04/26,03:15:00,793783,564201,"34.140",99,33,0,100,677
2015/04/26,03:20:00,793788,563880,"34.197",99,33,0,100,660
2015/04/26,03:25:00,793792,563569,"34.253",99,33,0,100,639
2015/04/26,03:30:00,793747,563245,"34.305",99,33,0,100,595
2015/04/26,03:35:00,793864,563051,"34.354",99,33,0,100,564
2015/04/26,03:40:00,793920,562821,"34.402",99,33,0,100,550
2015/04/26,03:45:00,793911,562558,"34.448",99,33,0,100,523
2015/04/26,03:50:00,793859,562290,"34.489",99,33,0,100,472
2015/04/26,03:55:00,793899,562093,"34.529",99,33,0,100,460
2015/04/26,04:00:00,793966,561925,"34.567",99,32,0,100,440
2015/04/26,04:05:00,793884,561654,"34.605",99,32,0,100,435
2015/04/26,04:10:00,793838,561402,"34.644",99,32,0,100,448
2015/04/26,04:15:00,793875,561181,"34.688",99,32,0,100,505
2015/04/26,04:20:00,793937,560942,"34.739",99,32,0,100,578
2015/04/26,04:25:00,793918,560665,"34.786",99,32,0,100,539
2015/04/26,04:30:00,793867,560389,"34.828",99,32,0,100,491
2015/04/26,04:35:00,793850,560145,"34.870",99,32,0,100,475
2015/04/26,04:40:00,793941,559992,"34.909",99,32,0,100,445
2015/04/26,04:45:00,793925,559779,"34.945",99,32,0,100,413
2015/04/26,04:50:00,793969,559620,"34.979",99,32,0,100,390
2015/04/26,04:55:00,793935,559418,"35.010",99,32,0,100,365
2015/04/26,05:00:00,793912,559219,"35.043",99,32,0,100,375
2015/04/26,05:05:00,793940,559062,"35.075",99,32,0,100,363
2015/04/26,05:10:00,793956,558923,"35.102",99,32,0,100,308
2015/04/26,05:15:00,794116,558779,"35.148",99,32,0,100,527
2015/04/26,05:20:00,794306,558645,"35.195",99,32,0,100,550
2015/04/26,05:25:00,794417,558496,"35.236",99,32,0,100,466
2015/04/26,05:30:00,794354,558324,"35.259",99,32,0,100,262
2015/04/26,05:35:00,794272,558194,"35.272",99,32,0,100,149
2015/04/26,05:40:00,794315,558152,"35.285",99,32,0,100,148
2015/04/26,05:45:00,794225,558015,"35.298",99,32,0,100,152
2015/04/26,05:50:00,794249,557949,"35.313",99,32,0,100,170
2015/04/26,05:55:00,794227,557838,"35.330",99,32,0,100,197
2015/04/26,06:00:00,794223,557738,"35.347",99,32,0,100,200
2015/04/26,06:05:00,794087,557546,"35.365",99,32,0,100,199
2015/04/26,06:10:00,794012,557413,"35.379",99,32,0,100,165
2015/04/26,06:15:00,793953,557306,"35.391",99,32,0,100,135
2015/04/26,06:20:00,793912,557196,"35.406",99,32,0,100,167
2015/04/26,06:25:00,793889,557096,"35.421",99,32,0,100,173
2015/04/26,06:30:00,793853,556991,"35.435",99,32,0,100,164
2015/04/26,06:35:00,793748,556842,"35.448",99,32,0,100,155
2015/04/26,06:40:00,793565,556646,"35.461",99,32,0,100,139
2015/04/26,06:45:00,793492,556522,"35.474",99,33,0,100,150
2015/04/26,06:50:00,793415,556373,"35.491",99,33,0,100,196
2015/04/26,06:55:00,793360,556174,"35.520",99,33,0,100,331
2015/04/26,07:00:00,793153,555943,"35.535",99,33,0,100,177
2015/04/26,07:05:00,793220,555890,"35.553",99,33,0,100,206
2015/04/26,07:10:00,793183,555729,"35.577",99,33,0,100,279
2015/04/26,07:15:00,793178,555588,"35.602",99,33,0,100,284
2015/04/26,07:20:00,793133,555437,"35.624",99,33,0,100,247
2015/04/26,07:25:00,793009,555245,"35.643",99,33,0,100,217
2015/04/26,07:30:00,793024,555161,"35.660",99,33,0,100,195
2015/04/26,07:35:00,792835,554936,"35.676",99,33,0,100,192
2015/04/26,07:40:00,792831,554850,"35.691",99,33,0,100,172
2015/04/26,07:45:00,792805,554740,"35.708",99,33,0,100,190
2015/04/26,07:50:00,792760,554613,"35.725",99,33,0,100,198
2015/04/26,07:55:00,792648,554416,"35.746",99,34,0,100,246
2015/04/26,08:00:00,792616,554287,"35.766",99,34,0,100,221
2015/04/26,08:05:00,792521,554140,"35.780",99,34,0,100,167
2015/04/26,08:10:00,792480,553992,"35.802",99,34,0,100,247
2015/04/26,08:15:00,792337,553768,"35.824",99,34,0,100,257
2015/04/26,08:20:00,792393,553700,"35.843",99,34,0,100,222
2015/04/26,08:25:00,792404,553580,"35.867",99,34,0,100,265
2015/04/26,08:30:00,792284,553383,"35.887",99,34,0,100,235
2015/04/26,08:35:00,792283,553267,"35.908",99,34,0,100,239
2015/04/26,08:40:00,792171,553115,"35.921",99,34,0,100,153
2015/04/26,08:45:00,792173,553040,"35.935",99,34,0,100,159
2015/04/26,08:50:00,792085,552935,"35.943",99,34,0,100,90
2015/04/26,08:55:00,792027,552829,"35.955",99,34,0,100,136
2015/04/26,09:00:00,792116,552835,"35.965",99,34,0,100,116
2015/04/26,09:05:00,791987,552690,"35.975",99,35,0,100,114
2015/04/26,09:10:00,791956,552597,"35.988",99,35,0,100,148
2015/04/26,09:15:00,791913,552493,"36.001",99,35,0,100,154
2015/04/26,09:20:00,791829,552339,"36.018",99,35,0,100,198
2015/04/26,09:25:00,791796,552216,"36.036",99,35,0,100,208
2015/04/26,09:30:00,791821,552126,"36.056",99,35,0,100,223
2015/04/26,09:35:00,791797,552028,"36.071",99,35,0,100,169
2015/04/26,09:40:00,791788,551956,"36.083",99,35,0,100,137
2015/04/26,09:45:00,791651,551798,"36.094",99,35,0,100,130
2015/04/26,09:50:00,791605,551694,"36.107",99,35,0,100,150
2015/04/26,09:55:00,791569,551580,"36.123",99,35,0,100,185
2015/04/26,10:00:00,791525,551449,"36.141",99,35,0,100,209
2015/04/26,10:05:00,791491,551335,"36.158",99,35,0,100,188
2015/04/26,10:10:00,791439,551222,"36.172",99,35,0,100,160
2015/04/26,10:15:00,791395,551118,"36.185",99,35,0,100,153
2015/04/26,10:20:00,791483,551114,"36.197",99,36,0,100,136
2015/04/26,10:25:00,791324,550949,"36.207",99,36,0,100,113
2015/04/26,10:30:00,791375,550918,"36.219",99,36,0,100,139
2015/04/26,10:35:00,791301,550802,"36.230",99,36,0,100,134
2015/04/26,10:40:00,791192,550637,"36.246",99,36,0,100,186
2015/04/26,10:45:00,791258,550599,"36.262",99,36,0,100,175
2015/04/26,10:50:00,791189,550440,"36.282",99,36,0,100,231
2015/04/26,10:55:00,791198,550351,"36.299",99,36,0,100,199
2015/04/26,11:00:00,791141,550197,"36.320",99,36,0,100,238
2015/04/26,11:05:00,791052,550023,"36.340",99,36,0,100,234
2015/04/26,11:10:00,791034,549898,"36.361",99,36,0,100,235
2015/04/26,11:15:00,791020,549753,"36.385",99,36,0,100,282
2015/04/26,11:20:00,791058,549659,"36.407",99,36,0,100,251
2015/04/26,11:25:00,791065,549576,"36.423",99,36,0,100,183
2015/04/26,11:30:00,791007,549379,"36.452",99,36,0,100,327
2015/04/26,11:35:00,790995,549249,"36.474",99,36,0,100,254
2015/04/26,11:40:00,790986,549163,"36.488",99,36,0,100,167
2015/04/26,11:45:00,790896,549030,"36.501",99,36,0,100,147
2015/04/26,11:50:00,790878,548935,"36.516",99,36,0,100,172
2015/04/26,11:55:00,790917,548858,"36.535",99,36,0,100,218
2015/04/26,12:00:00,790913,548745,"36.555",99,36,0,100,230
2015/04/26,12:05:00,790844,548568,"36.579",99,36,0,100,270
2015/04/26,12:10:00,790831,548401,"36.608",99,36,0,100,331
2015/04/26,12:15:00,790772,548265,"36.625",99,36,0,100,199
2015/04/26,12:20:00,790747,548157,"36.642",99,36,0,100,190
2015/04/26,12:25:00,790748,548048,"36.662",99,36,0,100,230
2015/04/26,12:30:00,790712,547929,"36.679",99,36,0,100,197
2015/04/26,12:35:00,790672,547791,"36.699",99,36,0,100,231
2015/04/26,12:40:00,790672,547643,"36.726",99,37,0,100,310
2015/04/26,12:45:00,790593,547520,"36.738",99,37,0,100,143
2015/04/26,12:50:00,790597,547439,"36.754",99,37,0,100,176
2015/04/26,12:55:00,790517,547314,"36.766",99,37,0,100,146
2015/04/26,13:00:00,790509,547231,"36.781",99,37,0,100,162
2015/04/26,13:05:00,790510,547153,"36.795",99,37,0,100,165
2015/04/26,13:10:00,790427,547011,"36.810",99,37,0,100,177
2015/04/26,13:15:00,790518,546990,"36.826",99,37,0,100,176
2015/04/26,13:20:00,790600,546939,"36.845",99,37,0,100,226
2015/04/26,13:25:00,790510,546800,"36.860",99,37,0,100,161
2015/04/26,13:30:00,790501,546718,"36.873",99,37,0,100,159
2015/04/26,13:35:00,790405,546567,"36.889",99,37,0,100,178
2015/04/26,13:40:00,790439,546486,"36.908",99,37,0,100,219
2015/04/26,13:45:00,790431,546386,"36.925",99,37,0,100,198
2015/04/26,13:50:00,790423,546256,"36.948",99,37,0,100,261
2015/04/26,13:55:00,790406,546158,"36.964",99,37,0,100,181
2015/04/26,14:00:00,790388,546065,"36.979",99,37,0,100,169
2015/04/26,14:05:00,790472,545998,"37.001",99,37,0,100,263
2015/04/26,14:10:00,790561,545907,"37.029",99,37,0,100,320
2015/04/26,14:15:00,790617,545783,"37.059",99,36,0,100,342
2015/04/26,14:20:00,790586,545636,"37.082",99,36,0,100,264
2015/04/26,14:25:00,790707,545599,"37.104",99,36,0,100,253
2015/04/26,14:30:00,790673,545508,"37.117",99,36,0,100,142
2015/04/26,14:35:00,790664,545432,"37.129",99,36,0,100,147
2015/04/26,14:40:00,790627,545340,"37.142",99,36,0,100,140
2015/04/26,14:45:00,790663,545272,"37.159",99,36,0,100,195
2015/04/26,14:50:00,790684,545202,"37.174",99,36,0,100,178
2015/04/26,14:55:00,790672,545121,"37.188",99,36,0,100,153
2015/04/26,15:00:00,790726,545027,"37.212",99,36,0,100,276
2015/04/26,15:05:00,790799,544950,"37.235",99,36,0,100,268
2015/04/26,15:10:00,790810,544858,"37.253",99,36,0,100,210
2015/04/26,15:15:00,790855,544809,"37.268",99,36,0,100,168
2015/04/26,15:20:00,790772,544662,"37.284",99,36,0,100,189
2015/04/26,15:25:00,790816,544620,"37.298",99,36,0,100,152
2015/04/26,15:30:00,790785,544552,"37.306",99,36,0,100,98
2015/04/26,15:35:00,790710,544437,"37.318",99,36,0,100,134
2015/04/26,15:40:00,790767,544413,"37.330",99,36,0,100,133
2015/04/26,15:45:00,790808,544341,"37.348",99,36,0,100,211
2015/04/26,15:50:00,790844,544250,"37.369",99,36,0,100,244
2015/04/26,15:55:00,790936,544212,"37.388",99,36,0,100,214
2015/04/26,16:00:00,790875,544071,"37.406",99,36,0,100,209
2015/04/26,16:05:00,790926,544058,"37.415",99,36,0,100,101
2015/04/26,16:10:00,790809,543926,"37.424",99,36,0,100,109
2015/04/26,16:15:00,790767,543851,"37.433",99,36,0,100,97
2015/04/26,16:20:00,790743,543786,"37.442",99,36,0,100,102
2015/04/26,16:25:00,790658,543694,"37.448",99,36,0,100,71
2015/04/26,16:30:00,790531,543587,"37.452",99,36,0,100,42
2015/04/26,16:35:00,790469,543495,"37.461",99,36,0,100,104
2015/04/26,16:40:00,790443,543438,"37.468",99,36,0,100,83
2015/04/26,16:45:00,790484,543426,"37.475",99,36,0,100,85
2015/04/26,16:50:00,790431,543294,"37.493",99,36,0,100,202
2015/04/26,16:55:00,790477,543244,"37.508",99,36,0,100,172
2015/04/26,17:00:00,790547,543192,"37.526",99,36,0,100,211
2015/04/26,17:05:00,790523,543072,"37.545",99,36,0,100,219
2015/04/26,17:10:00,790613,543031,"37.564",99,36,0,100,217
2015/04/26,17:15:00,790650,542951,"37.584",99,36,0,100,223
2015/04/26,17:20:00,790687,542883,"37.601",99,36,0,100,197
2015/04/26,17:25:00,790703,542797,"37.619",99,36,0,100,205
2015/04/26,17:30:00,790775,542722,"37.642",99,36,0,100,263
2015/04/26,17:35:00,790798,542586,"37.670",99,36,0,100,321
2015/04/26,17:40:00,790869,542515,"37.692",99,35,0,100,253
2015/04/26,17:45:00,790986,542462,"37.716",99,35,0,100,282
2015/04/26,17:50:00,790923,542289,"37.740",99,35,0,100,275
2015/04/26,17:55:00,791086,542277,"37.763",99,35,0,100,262
2015/04/26,18:00:00,791109,542170,"37.786",99,35,0,100,260
2015/04/26,18:05:00,791138,542014,"37.818",99,35,0,100,372
2015/04/26,18:10:00,791240,541948,"37.843",99,35,0,100,288
2015/04/26,18:15:00,791168,541797,"37.862",99,35,0,100,215
2015/04/26,18:20:00,791255,541739,"37.884",99,35,0,100,249
2015/04/26,18:25:00,791265,541618,"37.907",99,35,0,100,271
2015/04/26,18:30:00,791225,541487,"37.926",99,35,0,100,220
2015/04/26,18:35:00,791321,541475,"37.941",99,35,0,100,165
2015/04/26,18:40:00,791348,541383,"37.961",99,35,0,100,234
2015/04/26,18:45:00,791478,541330,"37.987",99,35,0,100,301
2015/04/26,18:50:00,791521,541239,"38.010",99,34,0,100,255
2015/04/26,18:55:00,791496,541110,"38.030",99,34,0,100,237
2015/04/26,19:00:00,791455,541002,"38.045",99,34,0,100,170
2015/04/26,19:05:00,791527,540985,"38.057",99,34,0,100,140
2015/04/26,19:10:00,791513,540922,"38.067",99,34,0,100,113
2015/04/26,19:15:00,791576,540853,"38.088",99,34,0,100,238
2015/04/26,19:20:00,791672,540786,"38.112",99,34,0,100,281
2015/04/26,19:25:00,791714,540727,"38.129",99,34,0,100,186
2015/04/26,19:30:00,791627,540591,"38.143",99,34,0,100,163
2015/04/26,19:35:00,791748,540586,"38.159",99,34,0,100,186
2015/04/26,19:40:00,791635,540433,"38.173",99,34,0,100,161
2015/04/26,19:45:00,791601,540306,"38.192",99,34,0,100,220
2015/04/26,19:50:00,791653,540199,"38.219",99,34,0,100,303
2015/04/26,19:55:00,791603,540046,"38.241",99,34,0,100,253
2015/04/26,20:00:00,791596,539927,"38.262",99,34,0,100,243
2015/04/26,20:05:00,791650,539839,"38.285",99,34,0,100,265
2015/04/26,20:10:00,791715,539756,"38.308",99,34,0,100,271
2015/04/26,20:15:00,791758,539608,"38.341",99,34,0,100,377
2015/04/26,20:20:00,791832,539521,"38.367",99,34,0,100,292
2015/04/26,20:25:00,791717,539306,"38.392",99,34,0,100,291
2015/04/26,20:30:00,791760,539213,"38.415",99,34,0,100,260
2015/04/26,20:35:00,791774,539096,"38.438",99,34,0,100,269
2015/04/26,20:40:00,791786,538963,"38.464",99,34,0,100,301
2015/04/26,20:45:00,791786,538807,"38.493",99,34,0,100,332
2015/04/26,20:50:00,791802,538686,"38.518",99,34,0,100,281
2015/04/26,20:55:00,791780,538553,"38.540",99,34,0,100,251
2015/04/26,21:00:00,791866,538486,"38.563",99,34,0,100,267
2015/04/26,21:05:00,791776,538292,"38.588",99,34,0,100,283
2015/04/26,21:10:00,791826,538199,"38.611",99,34,0,100,271
2015/04/26,21:15:00,791918,538117,"38.638",99,33,0,100,308
2015/04/26,21:20:00,791860,537903,"38.671",99,33,0,100,372
2015/04/26,21:25:00,791898,537740,"38.706",99,33,0,100,403
2015/04/26,21:30:00,791905,537578,"38.737",99,33,0,100,356
2015/04/26,21:35:00,791876,537424,"38.762",99,33,0,100,287
2015/04/26,21:40:00,791907,537282,"38.792",99,33,0,100,348
2015/04/26,21:45:00,791874,537117,"38.819",99,33,0,100,305
2015/04/26,21:50:00,791802,536923,"38.846",99,33,0,100,310
2015/04/26,21:55:00,791854,536843,"38.867",99,33,0,100,246
2015/04/26,22:00:00,791746,536656,"38.888",99,33,0,100,243
2015/04/26,22:05:00,791791,536567,"38.911",99,33,0,100,256
2015/04/26,22:10:00,791706,536387,"38.933",99,33,0,100,262
2015/04/26,22:15:00,791741,536275,"38.959",99,33,0,100,290
2015/04/26,22:20:00,791724,536133,"38.983",99,33,0,100,279
2015/04/26,22:25:00,791765,536023,"39.009",99,33,0,100,295
2015/04/26,22:30:00,791737,535871,"39.034",99,33,0,100,285
2015/04/26,22:35:00,791780,535769,"39.058",99,33,0,100,281
2015/04/26,22:40:00,791798,535677,"39.077",99,33,0,100,223
2015/04/26,22:45:00,791790,535551,"39.100",99,33,0,100,258
2015/04/26,22:50:00,791758,535410,"39.122",99,33,0,100,256
2015/04/26,22:55:00,791673,535262,"39.139",99,33,0,100,194
2015/04/26,23:00:00,791712,535194,"39.157",99,33,0,100,202
2015/04/26,23:05:00,791736,535137,"39.171",99,33,0,100,157
2015/04/26,23:10:00,791790,535094,"39.185",99,33,0,100,170
2015/04/26,23:15:00,791722,534985,"39.197",99,33,0,100,135
2015/04/26,23:20:00,791726,534912,"39.211",99,33,0,100,162
2015/04/26,23:25:00,791748,534823,"39.231",99,33,0,100,223
2015/04/26,23:30:00,791762,534740,"39.248",99,33,0,100,198
2015/04/26,23:35:00,791819,534679,"39.267",99,33,0,100,214
2015/04/26,23:40:00,791811,534582,"39.284",99,33,0,100,197
2015/04/26,23:45:00,791783,534487,"39.298",99,33,0,100,163
2015/04/26,23:50:00,791652,534348,"39.307",99,33,0,100,109
2015/04/26,23:55:00,791746,534338,"39.321",99,33,0,100,158
2015/04/27,00:00:00,791670,534187,"39.340",99,33,0,100,214
2015/04/27,00:05:00,791788,534120,"39.367",99,33,0,100,315
2015/04/27,00:10:00,791774,533995,"39.389",99,33,0,100,248
2015/04/27,00:15:00,791863,533920,"39.414",99,33,0,100,290
2015/04/27,00:20:00,791814,533764,"39.437",99,33,0,100,264
2015/04/27,00:25:00,791730,533599,"39.458",99,33,0,100,233
2015/04/27,00:30:00,791822,533512,"39.486",99,33,0,100,320
2015/04/27,00:35:00,791785,533339,"39.513",99,33,0,100,319
2015/04/27,00:40:00,791788,533202,"39.539",99,33,0,100,299
2015/04/27,00:45:00,791808,533112,"39.559",99,33,0,100,223
2015/04/27,00:50:00,791718,532942,"39.579",99,33,0,100,236
2015/04/27,00:55:00,791696,532844,"39.595",99,33,0,100,179
2015/04/27,01:00:00,791670,532733,"39.612",99,33,0,100,201
2015/04/27,01:05:00,791669,532622,"39.633",99,33,0,100,238
2015/04/27,01:10:00,791872,532541,"39.674",99,33,0,100,469
2015/04/27,01:15:00,791766,532386,"39.690",99,33,0,100,180
2015/04/27,01:20:00,791776,532364,"39.695",99,33,0,100,62
2015/04/27,01:25:00,791688,532272,"39.701",99,33,0,100,71
2015/04/27,01:30:00,791394,532078,"39.701",99,33,0,100,-8
2015/04/27,01:35:00,791437,532109,"39.700",99,33,0,100,-5
2015/04/27,01:40:00,791332,532027,"39.702",99,33,0,100,25
2015/04/27,01:45:00,791217,531920,"39.708",99,33,0,100,64
2015/04/27,01:50:00,791154,531835,"39.716",99,33,0,100,92
2015/04/27,01:55:00,791078,531740,"39.724",99,33,0,100,95
2015/04/27,02:00:00,791016,531637,"39.736",99,33,0,100,132
2015/04/27,02:05:00,790989,531527,"39.753",99,33,0,100,198
2015/04/27,02:10:00,790863,531352,"39.770",99,33,0,100,195
2015/04/27,02:15:00,790914,531280,"39.790",99,33,0,100,229
2015/04/27,02:20:00,790867,531129,"39.812",99,34,0,100,258
2015/04/27,02:25:00,790779,530942,"39.837",99,34,0,100,276
2015/04/27,02:30:00,790737,530786,"39.861",99,34,0,100,276
2015/04/27,02:35:00,790777,530667,"39.888",99,34,0,100,315
2015/04/27,02:40:00,790781,530548,"39.911",99,34,0,100,263
2015/04/27,02:45:00,790729,530378,"39.937",99,34,0,100,292
2015/04/27,02:50:00,790697,530195,"39.967",99,34,0,100,350
2015/04/27,02:55:00,790756,530093,"39.994",99,34,0,100,306
2015/04/27,03:00:00,790697,529913,"40.020",99,34,0,100,304
2015/04/27,03:05:00,790695,529778,"40.045",99,34,0,100,289
2015/04/27,03:10:00,790722,529675,"40.068",99,34,0,100,262
2015/04/27,03:15:00,790656,529529,"40.088",99,34,0,100,221
2015/04/27,03:20:00,790686,529452,"40.106",99,34,0,100,210
2015/04/27,03:25:00,790690,529359,"40.124",99,34,0,100,207
2015/04/27,03:30:00,790601,529204,"40.142",99,34,0,100,207
2015/04/27,03:35:00,790603,529103,"40.161",99,34,0,100,222
2015/04/27,03:40:00,790654,529035,"40.181",99,33,0,100,222
2015/04/27,03:45:00,790721,528975,"40.200",99,33,0,100,227
2015/04/27,03:50:00,790684,528847,"40.220",99,33,0,100,224
2015/04/27,03:55:00,790776,528796,"40.241",99,33,0,100,244
2015/04/27,04:00:00,790724,528652,"40.262",99,33,0,100,237
2015/04/27,04:05:00,790775,528574,"40.283",99,33,0,100,243
2015/04/27,04:10:00,790670,528390,"40.305",99,33,0,100,247
2015/04/27,04:15:00,790808,528370,"40.326",99,33,0,100,244
2015/04/27,04:20:00,790669,528160,"40.348",99,33,0,100,254
2015/04/27,04:25:00,790645,528030,"40.370",99,33,0,100,248
2015/04/27,04:30:00,790703,527921,"40.398",99,33,0,100,321
2015/04/27,04:35:00,790726,527829,"40.418",99,33,0,100,233
2015/04/27,04:40:00,790678,527696,"40.437",99,33,0,100,220
2015/04/27,04:45:00,790691,527605,"40.456",99,33,0,100,217
2015/04/27,04:50:00,790755,527545,"40.475",99,33,0,100,223
2015/04/27,04:55:00,790637,527349,"40.498",99,33,0,100,255
2015/04/27,05:00:00,790656,527169,"40.534",99,33,0,100,419
2015/04/27,05:05:00,790625,526988,"40.565",99,33,0,100,349
2015/04/27,05:10:00,790704,526955,"40.581",99,33,0,100,187
2015/04/27,05:15:00,790862,526932,"40.605",99,33,0,100,279
2015/04/27,05:20:00,790903,526809,"40.634",99,33,0,100,327
2015/04/27,05:25:00,790989,526727,"40.660",99,33,0,100,303
2015/04/27,05:30:00,791091,526653,"40.687",99,33,0,100,309
2015/04/27,05:35:00,791151,526556,"40.713",99,33,0,100,298
2015/04/27,05:40:00,791049,526429,"40.724",99,33,0,100,129
2015/04/27,05:45:00,791021,526358,"40.734",99,33,0,100,114
2015/04/27,05:50:00,791129,526385,"40.743",99,33,0,100,98
2015/04/27,05:55:00,791050,526274,"40.754",99,33,0,100,127
2015/04/27,06:00:00,791165,526249,"40.773",99,33,0,100,221
2015/04/27,06:05:00,791047,526021,"40.802",99,33,0,100,326
2015/04/27,06:10:00,791127,525951,"40.825",99,33,0,100,269
2015/04/27,06:15:00,791115,525867,"40.840",99,33,0,100,166
2015/04/27,06:20:00,791085,525718,"40.864",99,33,0,100,282
2015/04/27,06:25:00,791192,525627,"40.895",99,32,0,100,354
2015/04/27,06:30:00,791212,525425,"40.936",99,32,0,100,470
2015/04/27,06:35:00,791390,525323,"40.978",99,32,0,100,481
2015/04/27,06:40:00,791269,525017,"41.021",99,32,0,100,493
2015/04/27,06:45:00,791172,524900,"41.031",99,32,0,100,115
2015/04/27,06:50:00,791176,524775,"41.055",99,32,0,100,279
2015/04/27,06:55:00,791111,524270,"41.143",99,33,0,100,1010
2015/04/27,07:00:00,791064,524092,"41.171",99,33,0,100,321
2015/04/27,07:05:00,791140,524009,"41.197",99,33,0,100,292
2015/04/27,07:10:00,791155,523791,"41.240",99,33,0,100,499
2015/04/27,07:15:00,791052,523387,"41.304",99,33,0,100,736
2015/04/27,07:20:00,790994,523181,"41.336",99,33,0,100,368
2015/04/27,07:25:00,790932,523019,"41.359",99,33,0,100,265
2015/04/27,07:30:00,791004,522883,"41.395",99,33,0,100,403
2015/04/27,07:35:00,791011,522471,"41.474",99,33,0,100,915
2015/04/27,07:40:00,790912,522117,"41.530",99,33,0,100,634
2015/04/27,07:45:00,790918,521918,"41.568",99,33,0,100,446
2015/04/27,07:50:00,790917,521693,"41.611",99,33,0,100,493
2015/04/27,07:55:00,790732,521421,"41.640",99,33,0,100,330
2015/04/27,08:00:00,790781,521314,"41.667",99,33,0,100,307
2015/04/27,08:05:00,790654,520967,"41.717",99,33,0,100,580
2015/04/27,08:10:00,790462,520671,"41.750",99,33,0,100,373
2015/04/27,08:15:00,790429,520524,"41.774",99,33,0,100,276
2015/04/27,08:20:00,790336,520315,"41.802",99,34,0,100,326
2015/04/27,08:25:00,790179,520133,"41.817",99,34,0,100,173
2015/04/27,08:30:00,789990,519929,"41.833",99,34,0,100,176
2015/04/27,08:35:00,789967,519790,"41.857",99,34,0,100,273
2015/04/27,08:40:00,789708,519435,"41.892",99,34,0,100,408
2015/04/27,08:45:00,789637,519148,"41.938",99,34,0,100,531
2015/04/27,08:50:00,789574,518792,"41.999",99,35,0,100,696
2015/04/27,08:55:00,789449,518525,"42.035",99,35,0,100,409
2015/04/27,09:00:00,789375,518213,"42.086",99,35,0,100,583
2015/04/27,09:05:00,789339,517968,"42.128",99,35,0,100,490
2015/04/27,09:10:00,789328,517768,"42.165",99,35,0,100,427
2015/04/27,09:15:00,789271,517555,"42.199",99,35,0,100,389
2015/04/27,09:20:00,789205,517249,"42.250",99,35,0,100,583
2015/04/27,09:25:00,789193,516821,"42.331",99,35,0,100,932
2015/04/27,09:30:00,789018,516528,"42.366",99,35,0,100,396
2015/04/27,09:35:00,789104,516424,"42.397",98,35,0,100,360
2015/04/27,09:40:00,788986,516120,"42.441",99,35,0,100,504
2015/04/27,09:45:00,788975,515995,"42.464",99,35,0,100,262
2015/04/27,09:50:00,788864,515742,"42.499",99,35,0,100,401
2015/04/27,09:55:00,789006,515528,"42.558",99,35,0,100,683
2015/04/27,10:00:00,788838,515018,"42.636",99,35,0,100,891
2015/04/27,10:05:00,788976,514890,"42.678",99,35,0,100,486
2015/04/27,10:10:00,789023,514684,"42.724",99,35,0,100,528
2015/04/27,10:15:00,789101,514545,"42.761",99,35,0,100,423
2015/04/27,10:20:00,789060,514332,"42.797",99,35,0,100,415
2015/04/27,10:25:00,788863,513954,"42.846",99,35,0,100,557
2015/04/27,10:30:00,788997,513868,"42.880",99,35,0,100,387
2015/04/27,10:35:00,789057,513766,"42.907",99,35,0,100,315
2015/04/27,10:40:00,789085,513656,"42.932",99,35,0,100,286
2015/04/27,10:45:00,789063,513516,"42.956",99,35,0,100,281
2015/04/27,10:50:00,789007,513386,"42.975",99,35,0,100,209
2015/04/27,10:55:00,789023,513278,"42.998",99,35,0,100,265
2015/04/27,11:00:00,789070,513116,"43.035",98,35,0,100,435
2015/04/27,11:05:00,788988,512852,"43.076",99,35,0,100,471
2015/04/27,11:10:00,788896,512642,"43.106",99,35,0,100,336
2015/04/27,11:15:00,788947,512237,"43.191",99,35,0,100,981
2015/04/27,11:20:00,788965,512000,"43.240",99,35,0,100,557
2015/04/27,11:25:00,788922,511833,"43.267",99,35,0,100,312
2015/04/27,11:30:00,788982,511673,"43.306",99,35,0,100,446
2015/04/27,11:35:00,788960,511410,"43.354",99,35,0,100,558
2015/04/27,11:40:00,789007,511171,"43.407",99,35,0,100,605
2015/04/27,11:45:00,788791,510814,"43.450",99,35,0,100,487
2015/04/27,11:50:00,788914,510591,"43.509",99,35,0,100,680
2015/04/27,11:55:00,788881,510356,"43.551",99,35,0,100,480
2015/04/27,12:00:00,788842,509887,"43.638",99,35,0,100,998
2015/04/27,12:05:00,788774,509091,"43.785",99,35,0,100,1694
2015/04/27,12:10:00,788929,508999,"43.823",99,35,0,100,433
2015/04/27,12:15:00,788850,508767,"43.859",99,35,0,100,408
2015/04/27,12:20:00,788880,508681,"43.879",99,35,0,100,238
2015/04/27,12:25:00,788838,508531,"43.903",99,35,0,100,277
2015/04/27,12:30:00,788887,508466,"43.922",99,35,0,100,218
2015/04/27,12:35:00,788811,508326,"43.940",99,35,0,100,205
2015/04/27,12:40:00,788846,508259,"43.958",99,35,0,100,202
2015/04/27,12:45:00,788792,508142,"43.974",98,35,0,100,188
2015/04/27,12:50:00,788720,507979,"43.997",99,35,0,100,263
2015/04/27,12:55:00,788699,507678,"44.054",99,35,0,100,650
2015/04/27,13:00:00,788746,507270,"44.140",99,35,0,100,991
